2026-06-22 13:28:48 +0000  Initial pipeline context: <IDEDistributionProcessingPipelineContext: 0x7586b2d00; archive(resolved)="<IDEArchive: 0x73c691570>", distributionTask(resolved)="2", distributionDestination(resolved)="1", distributionMethod(resolved)="<IDEDistributionMethodDevelopmentSigned: 0x7554622a0>", team(resolved)="<IDEProvisioningDisambiguatableBasicTeam: 0x74c80e6c0; teamID='CWF9Z95X55', teamName='Ricardo Cumberbatch', teamType='Individual', username='karmanual@gmail.com', isFreeProvisioningTeam='0'>">
	Chain (16, self inclusive):
	<IDEDistributionProcessingPipelineContext: 0x7586b2d00; archive = "<IDEArchive: 0x73c691570>", distributionMethod="<IDEDistributionMethodDevelopmentSigned: 0x7554622a0>", team="<IDEProvisioningDisambiguatableBasicTeam: 0x74c80e6c0; teamID='CWF9Z95X55', teamName='Ricardo Cumberbatch', teamType='Individual', username='karmanual@gmail.com', isFreeProvisioningTeam='0'>">
	<IDEDistributionProcessingPipelineContext: 0x7586b2100; archive = "<IDEArchive: 0x73c691570>", distributionMethod="<IDEDistributionMethodDevelopmentSigned: 0x7554622a0>", team="<IDEProvisioningDisambiguatableBasicTeam: 0x74c80e6c0; teamID='CWF9Z95X55', teamName='Ricardo Cumberbatch', teamType='Individual', username='karmanual@gmail.com', isFreeProvisioningTeam='0'>">
	<IDEDistributionContext: 0x737730a00; archive = "<IDEArchive: 0x73c691570>", distributionMethod="<IDEDistributionMethodDevelopmentSigned: 0x7554622a0>", team="<IDEProvisioningDisambiguatableBasicTeam: 0x74c80e6c0; teamID='CWF9Z95X55', teamName='Ricardo Cumberbatch', teamType='Individual', username='karmanual@gmail.com', isFreeProvisioningTeam='0'>">
	<IDEDistributionContext: 0x72d888c80; archive = "<IDEArchive: 0x73c691570>", distributionMethod="<IDEDistributionMethodDevelopmentSigned: 0x7554622a0>", team="<IDEProvisioningDisambiguatableBasicTeam: 0x74c80e6c0; teamID='CWF9Z95X55', teamName='Ricardo Cumberbatch', teamType='Individual', username='karmanual@gmail.com', isFreeProvisioningTeam='0'>">
	<IDEDistributionContext: 0x72d88a800; archive = "<IDEArchive: 0x73c691570>", distributionMethod="<IDEDistributionMethodDevelopmentSigned: 0x7554622a0>", team="<IDEProvisioningDisambiguatableBasicTeam: 0x74c80e6c0; teamID='CWF9Z95X55', teamName='Ricardo Cumberbatch', teamType='Individual', username='karmanual@gmail.com', isFreeProvisioningTeam='0'>">
	<IDEDistributionContext: 0x72e86a580; archive = "<IDEArchive: 0x73c691570>", distributionMethod="<IDEDistributionMethodDevelopmentSigned: 0x7554622a0>", team="<IDEProvisioningDisambiguatableBasicTeam: 0x74c80e6c0; teamID='CWF9Z95X55', teamName='Ricardo Cumberbatch', teamType='Individual', username='karmanual@gmail.com', isFreeProvisioningTeam='0'>">
	<IDEDistributionContext: 0x72efa9e00; archive = "<IDEArchive: 0x73c691570>", distributionMethod="<IDEDistributionMethodDevelopmentSigned: 0x7554622a0>", team="<IDEProvisioningDisambiguatableBasicTeam: 0x74c80e6c0; teamID='CWF9Z95X55', teamName='Ricardo Cumberbatch', teamType='Individual', username='karmanual@gmail.com', isFreeProvisioningTeam='0'>">
	<IDEDistributionContext: 0x72ee0b200; archive = "<IDEArchive: 0x73c691570>", distributionMethod="<IDEDistributionMethodDevelopmentSigned: 0x7554622a0>", team="<IDEProvisioningDisambiguatableBasicTeam: 0x74c80e6c0; teamID='CWF9Z95X55', teamName='Ricardo Cumberbatch', teamType='Individual', username='karmanual@gmail.com', isFreeProvisioningTeam='0'>">
	<IDEDistributionContext: 0x72ef1d900; archive = "<IDEArchive: 0x73c691570>", distributionMethod="<IDEDistributionMethodDevelopmentSigned: 0x7554622a0>", team="<IDEProvisioningDisambiguatableBasicTeam: 0x74c80e6c0; teamID='CWF9Z95X55', teamName='Ricardo Cumberbatch', teamType='Individual', username='karmanual@gmail.com', isFreeProvisioningTeam='0'>">
	<IDEDistributionContext: 0x737fb1900; archive = "<IDEArchive: 0x73c691570>", distributionMethod="<IDEDistributionMethodDevelopmentSigned: 0x7554622a0>", team="(null)">
	<IDEDistributionContext: 0x737fb1e00; archive = "<IDEArchive: 0x73c691570>", distributionMethod="<IDEDistributionMethodDevelopmentSigned: 0x7554622a0>", team="(null)">
	<IDEDistributionContext: 0x737fb2300; archive = "<IDEArchive: 0x73c691570>", distributionMethod="<IDEDistributionMethodDevelopmentSigned: 0x7554622a0>", team="(null)">
	<IDEDistributionContext: 0x737fb2800; archive = "<IDEArchive: 0x73c691570>", distributionMethod="<IDEDistributionMethodDevelopmentSigned: 0x7554622a0>", team="(null)">
	<IDEDistributionContext: 0x737fb3c00; archive = "<IDEArchive: 0x73c691570>", distributionMethod="(null)", team="(null)">
	<IDEDistributionContext: 0x72d889180; archive = "<IDEArchive: 0x73c691570>", distributionMethod="(null)", team="(null)">
	<IDEDistributionContext: 0x72eeeca00; archive = "<IDEArchive: 0x73c691570>", distributionMethod="(null)", team="(null)">
</IDEDistributionProcessingPipelineContext: 0x7586b2d00>
2026-06-22 13:28:48 +0000  Processing step: IDEDistributionCreateDestRootStep
2026-06-22 13:28:48 +0000  Processing step: IDEDistributionCopyItemStep
2026-06-22 13:28:48 +0000  Running /usr/bin/ditto '-V' '/Users/apple/Library/Developer/Xcode/Archives/2026-06-22/TruckMaster 22-06-26, 6.58 PM.xcarchive/Products/Applications/TruckMaster.app' '/var/folders/nv/q9d1czw1113c1zp17nkhk_mr0000gn/T/XcodeDistPipeline.~~~16oDKX/Root/Payload/TruckMaster.app'
2026-06-22 13:28:48 +0000  >>> Copying /Users/apple/Library/Developer/Xcode/Archives/2026-06-22/TruckMaster 22-06-26, 6.58 PM.xcarchive/Products/Applications/TruckMaster.app 
2026-06-22 13:28:48 +0000  copying file ./_CodeSignature/CodeResources ... 
2026-06-22 13:28:48 +0000  96944 bytes for ./_CodeSignature/CodeResources
2026-06-22 13:28:48 +0000  copying file ./ar.lproj/Localizable.strings ... 
2026-06-22 13:28:48 +0000  7864 bytes for ./ar.lproj/Localizable.strings
2026-06-22 13:28:48 +0000  copying file ./en.lproj/Localizable.strings ... 
2026-06-22 13:28:48 +0000  6081 bytes for ./en.lproj/Localizable.strings
2026-06-22 13:28:48 +0000  copying file ./Livvic-Medium.ttf ... 
2026-06-22 13:28:48 +0000  103816 bytes for ./Livvic-Medium.ttf
2026-06-22 13:28:48 +0000  copying file ./Magra-Bold.ttf ... 
2026-06-22 13:28:48 +0000  40416 bytes for ./Magra-Bold.ttf
2026-06-22 13:28:48 +0000  copying file ./AppIcon60x60@2x.png ... 
2026-06-22 13:28:48 +0000  8523 bytes for ./AppIcon60x60@2x.png
2026-06-22 13:28:48 +0000  copying file ./Livvic-Bold.ttf ... 
2026-06-22 13:28:48 +0000  104288 bytes for ./Livvic-Bold.ttf
2026-06-22 13:28:48 +0000  copying file ./BebasNeue-Regular.ttf ... 
2026-06-22 13:28:48 +0000  57676 bytes for ./BebasNeue-Regular.ttf
2026-06-22 13:28:48 +0000  copying file ./Livvic-SemiBold.ttf ... 
2026-06-22 13:28:48 +0000  104008 bytes for ./Livvic-SemiBold.ttf
2026-06-22 13:28:48 +0000  copying file ./Assets.car ... 
2026-06-22 13:28:48 +0000  7613400 bytes for ./Assets.car
2026-06-22 13:28:48 +0000  copying file ./Magra-Regular.ttf ... 
2026-06-22 13:28:48 +0000  41344 bytes for ./Magra-Regular.ttf
2026-06-22 13:28:48 +0000  copying file ./AppIcon76x76@2x~ipad.png ... 
2026-06-22 13:28:48 +0000  12067 bytes for ./AppIcon76x76@2x~ipad.png
2026-06-22 13:28:48 +0000  copying file ./Livvic-Regular.ttf ... 
2026-06-22 13:28:48 +0000  103884 bytes for ./Livvic-Regular.ttf
2026-06-22 13:28:48 +0000  copying file ./Rubik-Regular.ttf ... 
2026-06-22 13:28:48 +0000  207628 bytes for ./Rubik-Regular.ttf
2026-06-22 13:28:48 +0000  copying file ./embedded.mobileprovision ... 
2026-06-22 13:28:48 +0000  30943 bytes for ./embedded.mobileprovision
2026-06-22 13:28:48 +0000  copying file ./GoogleMapsResources.bundle/GoogleMaps.bundle/bubble_left@3x.png ... 
2026-06-22 13:28:48 +0000  2386 bytes for ./GoogleMapsResources.bundle/GoogleMaps.bundle/bubble_left@3x.png
2026-06-22 13:28:48 +0000  copying file ./GoogleMapsResources.bundle/GoogleMaps.bundle/bubble_left.png ... 
2026-06-22 13:28:48 +0000  451 bytes for ./GoogleMapsResources.bundle/GoogleMaps.bundle/bubble_left.png
2026-06-22 13:28:48 +0000  copying file ./GoogleMapsResources.bundle/GoogleMaps.bundle/bubble_left@2x.png ... 
2026-06-22 13:28:48 +0000  1055 bytes for ./GoogleMapsResources.bundle/GoogleMaps.bundle/bubble_left@2x.png
2026-06-22 13:28:48 +0000  copying file ./GoogleMapsResources.bundle/GoogleMaps.bundle/bubble_right@3x.png ... 
2026-06-22 13:28:48 +0000  2374 bytes for ./GoogleMapsResources.bundle/GoogleMaps.bundle/bubble_right@3x.png
2026-06-22 13:28:48 +0000  copying file ./GoogleMapsResources.bundle/GoogleMaps.bundle/ic_error.png ... 
2026-06-22 13:28:48 +0000  236 bytes for ./GoogleMapsResources.bundle/GoogleMaps.bundle/ic_error.png
2026-06-22 13:28:48 +0000  copying file ./GoogleMapsResources.bundle/GoogleMaps.bundle/bubble_right@2x.png ... 
2026-06-22 13:28:48 +0000  1051 bytes for ./GoogleMapsResources.bundle/GoogleMaps.bundle/bubble_right@2x.png
2026-06-22 13:28:48 +0000  copying file ./GoogleMapsResources.bundle/GoogleMaps.bundle/GMSCoreResources.bundle/de.lproj/GMSCore.strings ... 
2026-06-22 13:28:48 +0000  5329 bytes for ./GoogleMapsResources.bundle/GoogleMaps.bundle/GMSCoreResources.bundle/de.lproj/GMSCore.strings
2026-06-22 13:28:48 +0000  copying file ./GoogleMapsResources.bundle/GoogleMaps.bundle/GMSCoreResources.bundle/measle_U.png ... 
2026-06-22 13:28:48 +0000  827 bytes for ./GoogleMapsResources.bundle/GoogleMaps.bundle/GMSCoreResources.bundle/measle_U.png
2026-06-22 13:28:48 +0000  copying file ./GoogleMapsResources.bundle/GoogleMaps.bundle/GMSCoreResources.bundle/measle_B.png ... 
2026-06-22 13:28:48 +0000  843 bytes for ./GoogleMapsResources.bundle/GoogleMaps.bundle/GMSCoreResources.bundle/measle_B.png
2026-06-22 13:28:48 +0000  copying file ./GoogleMapsResources.bundle/GoogleMaps.bundle/GMSCoreResources.bundle/measle_J@2x.png ... 
2026-06-22 13:28:48 +0000  2122 bytes for ./GoogleMapsResources.bundle/GoogleMaps.bundle/GMSCoreResources.bundle/measle_J@2x.png
2026-06-22 13:28:48 +0000  copying file ./GoogleMapsResources.bundle/GoogleMaps.bundle/GMSCoreResources.bundle/measle_P@3x.png ... 
2026-06-22 13:28:48 +0000  4118 bytes for ./GoogleMapsResources.bundle/GoogleMaps.bundle/GMSCoreResources.bundle/measle_P@3x.png
2026-06-22 13:28:48 +0000  copying file ./GoogleMapsResources.bundle/GoogleMaps.bundle/GMSCoreResources.bundle/he.lproj/GMSCore.strings ... 
2026-06-22 13:28:48 +0000  5817 bytes for ./GoogleMapsResources.bundle/GoogleMaps.bundle/GMSCoreResources.bundle/he.lproj/GMSCore.strings
2026-06-22 13:28:48 +0000  copying file ./GoogleMapsResources.bundle/GoogleMaps.bundle/GMSCoreResources.bundle/measle_F@2x.png ... 
2026-06-22 13:28:48 +0000  2072 bytes for ./GoogleMapsResources.bundle/GoogleMaps.bundle/GMSCoreResources.bundle/measle_F@2x.png
2026-06-22 13:28:48 +0000  copying file ./GoogleMapsResources.bundle/GoogleMaps.bundle/GMSCoreResources.bundle/en_AU.lproj/GMSCore.strings ... 
2026-06-22 13:28:48 +0000  4522 bytes for ./GoogleMapsResources.bundle/GoogleMaps.bundle/GMSCoreResources.bundle/en_AU.lproj/GMSCore.strings
2026-06-22 13:28:48 +0000  copying file ./GoogleMapsResources.bundle/GoogleMaps.bundle/GMSCoreResources.bundle/ic_covid_medical_waypoint_alert_32pt@2x.png ... 
2026-06-22 13:28:48 +0000  943 bytes for ./GoogleMapsResources.bundle/GoogleMaps.bundle/GMSCoreResources.bundle/ic_covid_medical_waypoint_alert_32pt@2x.png
2026-06-22 13:28:48 +0000  copying file ./GoogleMapsResources.bundle/GoogleMaps.bundle/GMSCoreResources.bundle/measle_H@3x.png ... 
2026-06-22 13:28:48 +0000  4012 bytes for ./GoogleMapsResources.bundle/GoogleMaps.bundle/GMSCoreResources.bundle/measle_H@3x.png
2026-06-22 13:28:48 +0000  copying file ./GoogleMapsResources.bundle/GoogleMaps.bundle/GMSCoreResources.bundle/ar.lproj/GMSCore.strings ... 
2026-06-22 13:28:48 +0000  5959 bytes for ./GoogleMapsResources.bundle/GoogleMaps.bundle/GMSCoreResources.bundle/ar.lproj/GMSCore.strings
2026-06-22 13:28:48 +0000  copying file ./GoogleMapsResources.bundle/GoogleMaps.bundle/GMSCoreResources.bundle/el.lproj/GMSCore.strings ... 
2026-06-22 13:28:48 +0000  6281 bytes for ./GoogleMapsResources.bundle/GoogleMaps.bundle/GMSCoreResources.bundle/el.lproj/GMSCore.strings
2026-06-22 13:28:48 +0000  copying file ./GoogleMapsResources.bundle/GoogleMaps.bundle/GMSCoreResources.bundle/ja.lproj/GMSCore.strings ... 
2026-06-22 13:28:48 +0000  4663 bytes for ./GoogleMapsResources.bundle/GoogleMaps.bundle/GMSCoreResources.bundle/ja.lproj/GMSCore.strings
2026-06-22 13:28:48 +0000  copying file ./GoogleMapsResources.bundle/GoogleMaps.bundle/GMSCoreResources.bundle/measle_R@2x.png ... 
2026-06-22 13:28:48 +0000  2164 bytes for ./GoogleMapsResources.bundle/GoogleMaps.bundle/GMSCoreResources.bundle/measle_R@2x.png
2026-06-22 13:28:48 +0000  copying file ./GoogleMapsResources.bundle/GoogleMaps.bundle/GMSCoreResources.bundle/measle_blank_tiny@2x.png ... 
2026-06-22 13:28:48 +0000  288 bytes for ./GoogleMapsResources.bundle/GoogleMaps.bundle/GMSCoreResources.bundle/measle_blank_tiny@2x.png
2026-06-22 13:28:48 +0000  copying file ./GoogleMapsResources.bundle/GoogleMaps.bundle/GMSCoreResources.bundle/measle_D@3x.png ... 
2026-06-22 13:28:48 +0000  4176 bytes for ./GoogleMapsResources.bundle/GoogleMaps.bundle/GMSCoreResources.bundle/measle_D@3x.png
2026-06-22 13:28:48 +0000  copying file ./GoogleMapsResources.bundle/GoogleMaps.bundle/GMSCoreResources.bundle/ic_covid_checkpoint_waypoint_alert_night_32pt.png ... 
2026-06-22 13:28:48 +0000  602 bytes for ./GoogleMapsResources.bundle/GoogleMaps.bundle/GMSCoreResources.bundle/ic_covid_checkpoint_waypoint_alert_night_32pt.png
2026-06-22 13:28:48 +0000  copying file ./GoogleMapsResources.bundle/GoogleMaps.bundle/GMSCoreResources.bundle/measle_C.png ... 
2026-06-22 13:28:48 +0000  844 bytes for ./GoogleMapsResources.bundle/GoogleMaps.bundle/GMSCoreResources.bundle/measle_C.png
2026-06-22 13:28:48 +0000  copying file ./GoogleMapsResources.bundle/GoogleMaps.bundle/GMSCoreResources.bundle/measle_T.png ... 
2026-06-22 13:28:48 +0000  796 bytes for ./GoogleMapsResources.bundle/GoogleMaps.bundle/GMSCoreResources.bundle/measle_T.png
2026-06-22 13:28:48 +0000  copying file ./GoogleMapsResources.bundle/GoogleMaps.bundle/GMSCoreResources.bundle/measle_V.png ... 
2026-06-22 13:28:48 +0000  853 bytes for ./GoogleMapsResources.bundle/GoogleMaps.bundle/GMSCoreResources.bundle/measle_V.png
2026-06-22 13:28:48 +0000  copying file ./GoogleMapsResources.bundle/GoogleMaps.bundle/GMSCoreResources.bundle/measle_A.png ... 
2026-06-22 13:28:48 +0000  838 bytes for ./GoogleMapsResources.bundle/GoogleMaps.bundle/GMSCoreResources.bundle/measle_A.png
2026-06-22 13:28:48 +0000  copying file ./GoogleMapsResources.bundle/GoogleMaps.bundle/GMSCoreResources.bundle/sq.lproj/GMSCore.strings ... 
2026-06-22 13:28:48 +0000  6080 bytes for ./GoogleMapsResources.bundle/GoogleMaps.bundle/GMSCoreResources.bundle/sq.lproj/GMSCore.strings
2026-06-22 13:28:48 +0000  copying file ./GoogleMapsResources.bundle/GoogleMaps.bundle/GMSCoreResources.bundle/GMSMapColors2NavNightModeSprites-0-1x.png ... 
2026-06-22 13:28:48 +0000  3298 bytes for ./GoogleMapsResources.bundle/GoogleMaps.bundle/GMSCoreResources.bundle/GMSMapColors2NavNightModeSprites-0-1x.png
2026-06-22 13:28:48 +0000  copying file ./GoogleMapsResources.bundle/GoogleMaps.bundle/GMSCoreResources.bundle/ic_qu_direction_mylocation@2x.png ... 
2026-06-22 13:28:48 +0000  663 bytes for ./GoogleMapsResources.bundle/GoogleMaps.bundle/GMSCoreResources.bundle/ic_qu_direction_mylocation@2x.png
2026-06-22 13:28:48 +0000  copying file ./GoogleMapsResources.bundle/GoogleMaps.bundle/GMSCoreResources.bundle/en.lproj/GMSCore.strings ... 
2026-06-22 13:28:48 +0000  4505 bytes for ./GoogleMapsResources.bundle/GoogleMaps.bundle/GMSCoreResources.bundle/en.lproj/GMSCore.strings
2026-06-22 13:28:48 +0000  copying file ./GoogleMapsResources.bundle/GoogleMaps.bundle/GMSCoreResources.bundle/ic_covid_border_waypoint_alert_32pt.png ... 
2026-06-22 13:28:48 +0000  422 bytes for ./GoogleMapsResources.bundle/GoogleMaps.bundle/GMSCoreResources.bundle/ic_covid_border_waypoint_alert_32pt.png
2026-06-22 13:28:48 +0000  copying file ./GoogleMapsResources.bundle/GoogleMaps.bundle/GMSCoreResources.bundle/uk.lproj/GMSCore.strings ... 
2026-06-22 13:28:48 +0000  6027 bytes for ./GoogleMapsResources.bundle/GoogleMaps.bundle/GMSCoreResources.bundle/uk.lproj/GMSCore.strings
2026-06-22 13:28:48 +0000  copying file ./GoogleMapsResources.bundle/GoogleMaps.bundle/GMSCoreResources.bundle/ic_qu_direction_mylocation.png ... 
2026-06-22 13:28:48 +0000  362 bytes for ./GoogleMapsResources.bundle/GoogleMaps.bundle/GMSCoreResources.bundle/ic_qu_direction_mylocation.png
2026-06-22 13:28:48 +0000  copying file ./GoogleMapsResources.bundle/GoogleMaps.bundle/GMSCoreResources.bundle/es_419.lproj/GMSCore.strings ... 
2026-06-22 13:28:48 +0000  5253 bytes for ./GoogleMapsResources.bundle/GoogleMaps.bundle/GMSCoreResources.bundle/es_419.lproj/GMSCore.strings
2026-06-22 13:28:48 +0000  copying file ./GoogleMapsResources.bundle/GoogleMaps.bundle/GMSCoreResources.bundle/GMSSprites-0-1x.png ... 
2026-06-22 13:28:48 +0000  18644 bytes for ./GoogleMapsResources.bundle/GoogleMaps.bundle/GMSCoreResources.bundle/GMSSprites-0-1x.png
2026-06-22 13:28:48 +0000  copying file ./GoogleMapsResources.bundle/GoogleMaps.bundle/GMSCoreResources.bundle/measle_W.png ... 
2026-06-22 13:28:48 +0000  879 bytes for ./GoogleMapsResources.bundle/GoogleMaps.bundle/GMSCoreResources.bundle/measle_W.png
2026-06-22 13:28:48 +0000  copying file ./GoogleMapsResources.bundle/GoogleMaps.bundle/GMSCoreResources.bundle/ic_compass_needle_large@2x.png ... 
2026-06-22 13:28:49 +0000  2446 bytes for ./GoogleMapsResources.bundle/GoogleMaps.bundle/GMSCoreResources.bundle/ic_compass_needle_large@2x.png
2026-06-22 13:28:49 +0000  copying file ./GoogleMapsResources.bundle/GoogleMaps.bundle/GMSCoreResources.bundle/measle_D.png ... 
2026-06-22 13:28:49 +0000  840 bytes for ./GoogleMapsResources.bundle/GoogleMaps.bundle/GMSCoreResources.bundle/measle_D.png
2026-06-22 13:28:49 +0000  copying file ./GoogleMapsResources.bundle/GoogleMaps.bundle/GMSCoreResources.bundle/measle_S.png ... 
2026-06-22 13:28:49 +0000  865 bytes for ./GoogleMapsResources.bundle/GoogleMaps.bundle/GMSCoreResources.bundle/measle_S.png
2026-06-22 13:28:49 +0000  copying file ./GoogleMapsResources.bundle/GoogleMaps.bundle/GMSCoreResources.bundle/ic_compass_needle_large@3x.png ... 
2026-06-22 13:28:49 +0000  3304 bytes for ./GoogleMapsResources.bundle/GoogleMaps.bundle/GMSCoreResources.bundle/ic_compass_needle_large@3x.png
2026-06-22 13:28:49 +0000  copying file ./GoogleMapsResources.bundle/GoogleMaps.bundle/GMSCoreResources.bundle/es_MX.lproj/GMSCore.strings ... 
2026-06-22 13:28:49 +0000  5253 bytes for ./GoogleMapsResources.bundle/GoogleMaps.bundle/GMSCoreResources.bundle/es_MX.lproj/GMSCore.strings
2026-06-22 13:28:49 +0000  copying file ./GoogleMapsResources.bundle/GoogleMaps.bundle/GMSCoreResources.bundle/ic_compass_needle_large.png ... 
2026-06-22 13:28:49 +0000  1114 bytes for ./GoogleMapsResources.bundle/GoogleMaps.bundle/GMSCoreResources.bundle/ic_compass_needle_large.png
2026-06-22 13:28:49 +0000  copying file ./GoogleMapsResources.bundle/GoogleMaps.bundle/GMSCoreResources.bundle/zh_CN.lproj/GMSCore.strings ... 
2026-06-22 13:28:49 +0000  4901 bytes for ./GoogleMapsResources.bundle/GoogleMaps.bundle/GMSCoreResources.bundle/zh_CN.lproj/GMSCore.strings
2026-06-22 13:28:49 +0000  copying file ./GoogleMapsResources.bundle/GoogleMaps.bundle/GMSCoreResources.bundle/ic_qu_direction_mylocation@3x.png ... 
2026-06-22 13:28:49 +0000  1240 bytes for ./GoogleMapsResources.bundle/GoogleMaps.bundle/GMSCoreResources.bundle/ic_qu_direction_mylocation@3x.png
2026-06-22 13:28:49 +0000  copying file ./GoogleMapsResources.bundle/GoogleMaps.bundle/GMSCoreResources.bundle/DroidSansMerged-Regular.ttf ... 
2026-06-22 13:28:49 +0000  392092 bytes for ./GoogleMapsResources.bundle/GoogleMaps.bundle/GMSCoreResources.bundle/DroidSansMerged-Regular.ttf
2026-06-22 13:28:49 +0000  copying file ./GoogleMapsResources.bundle/GoogleMaps.bundle/GMSCoreResources.bundle/nb.lproj/GMSCore.strings ... 
2026-06-22 13:28:49 +0000  5114 bytes for ./GoogleMapsResources.bundle/GoogleMaps.bundle/GMSCoreResources.bundle/nb.lproj/GMSCore.strings
2026-06-22 13:28:49 +0000  copying file ./GoogleMapsResources.bundle/GoogleMaps.bundle/GMSCoreResources.bundle/measle_R.png ... 
2026-06-22 13:28:49 +0000  840 bytes for ./GoogleMapsResources.bundle/GoogleMaps.bundle/GMSCoreResources.bundle/measle_R.png
2026-06-22 13:28:49 +0000  copying file ./GoogleMapsResources.bundle/GoogleMaps.bundle/GMSCoreResources.bundle/measle_E.png ... 
2026-06-22 13:28:49 +0000  810 bytes for ./GoogleMapsResources.bundle/GoogleMaps.bundle/GMSCoreResources.bundle/measle_E.png
2026-06-22 13:28:49 +0000  copying file ./GoogleMapsResources.bundle/GoogleMaps.bundle/GMSCoreResources.bundle/measle_G.png ... 
2026-06-22 13:28:49 +0000  868 bytes for ./GoogleMapsResources.bundle/GoogleMaps.bundle/GMSCoreResources.bundle/measle_G.png
2026-06-22 13:28:49 +0000  copying file ./GoogleMapsResources.bundle/GoogleMaps.bundle/GMSCoreResources.bundle/measle_P.png ... 
2026-06-22 13:28:49 +0000  828 bytes for ./GoogleMapsResources.bundle/GoogleMaps.bundle/GMSCoreResources.bundle/measle_P.png
2026-06-22 13:28:49 +0000  copying file ./GoogleMapsResources.bundle/GoogleMaps.bundle/GMSCoreResources.bundle/measle_D@2x.png ... 
2026-06-22 13:28:49 +0000  2160 bytes for ./GoogleMapsResources.bundle/GoogleMaps.bundle/GMSCoreResources.bundle/measle_D@2x.png
2026-06-22 13:28:49 +0000  copying file ./GoogleMapsResources.bundle/GoogleMaps.bundle/GMSCoreResources.bundle/es.lproj/GMSCore.strings ... 
2026-06-22 13:28:49 +0000  5262 bytes for ./GoogleMapsResources.bundle/GoogleMaps.bundle/GMSCoreResources.bundle/es.lproj/GMSCore.strings
2026-06-22 13:28:49 +0000  copying file ./GoogleMapsResources.bundle/GoogleMaps.bundle/GMSCoreResources.bundle/measle_blank_tiny@3x.png ... 
2026-06-22 13:28:49 +0000  375 bytes for ./GoogleMapsResources.bundle/GoogleMaps.bundle/GMSCoreResources.bundle/measle_blank_tiny@3x.png
2026-06-22 13:28:49 +0000  copying file ./GoogleMapsResources.bundle/GoogleMaps.bundle/GMSCoreResources.bundle/measle_R@3x.png ... 
2026-06-22 13:28:49 +0000  4165 bytes for ./GoogleMapsResources.bundle/GoogleMaps.bundle/GMSCoreResources.bundle/measle_R@3x.png
2026-06-22 13:28:49 +0000  copying file ./GoogleMapsResources.bundle/GoogleMaps.bundle/GMSCoreResources.bundle/sw.lproj/GMSCore.strings ... 
2026-06-22 13:28:49 +0000  4847 bytes for ./GoogleMapsResources.bundle/GoogleMaps.bundle/GMSCoreResources.bundle/sw.lproj/GMSCore.strings
2026-06-22 13:28:49 +0000  copying file ./GoogleMapsResources.bundle/GoogleMaps.bundle/GMSCoreResources.bundle/ic_covid_medical_waypoint_alert_32pt@3x.png ... 
2026-06-22 13:28:49 +0000  1203 bytes for ./GoogleMapsResources.bundle/GoogleMaps.bundle/GMSCoreResources.bundle/ic_covid_medical_waypoint_alert_32pt@3x.png
2026-06-22 13:28:49 +0000  copying file ./GoogleMapsResources.bundle/GoogleMaps.bundle/GMSCoreResources.bundle/measle_H@2x.png ... 
2026-06-22 13:28:49 +0000  2068 bytes for ./GoogleMapsResources.bundle/GoogleMaps.bundle/GMSCoreResources.bundle/measle_H@2x.png
2026-06-22 13:28:49 +0000  copying file ./GoogleMapsResources.bundle/GoogleMaps.bundle/GMSCoreResources.bundle/measle_F@3x.png ... 
2026-06-22 13:28:49 +0000  4010 bytes for ./GoogleMapsResources.bundle/GoogleMaps.bundle/GMSCoreResources.bundle/measle_F@3x.png
2026-06-22 13:28:49 +0000  copying file ./GoogleMapsResources.bundle/GoogleMaps.bundle/GMSCoreResources.bundle/pt_BR.lproj/GMSCore.strings ... 
2026-06-22 13:28:49 +0000  5444 bytes for ./GoogleMapsResources.bundle/GoogleMaps.bundle/GMSCoreResources.bundle/pt_BR.lproj/GMSCore.strings
2026-06-22 13:28:49 +0000  copying file ./GoogleMapsResources.bundle/GoogleMaps.bundle/GMSCoreResources.bundle/measle_P@2x.png ... 
2026-06-22 13:28:49 +0000  2144 bytes for ./GoogleMapsResources.bundle/GoogleMaps.bundle/GMSCoreResources.bundle/measle_P@2x.png
2026-06-22 13:28:49 +0000  copying file ./GoogleMapsResources.bundle/GoogleMaps.bundle/GMSCoreResources.bundle/da.lproj/GMSCore.strings ... 
2026-06-22 13:28:49 +0000  5182 bytes for ./GoogleMapsResources.bundle/GoogleMaps.bundle/GMSCoreResources.bundle/da.lproj/GMSCore.strings
2026-06-22 13:28:49 +0000  copying file ./GoogleMapsResources.bundle/GoogleMaps.bundle/GMSCoreResources.bundle/measle_J@3x.png ... 
2026-06-22 13:28:49 +0000  4098 bytes for ./GoogleMapsResources.bundle/GoogleMaps.bundle/GMSCoreResources.bundle/measle_J@3x.png
2026-06-22 13:28:49 +0000  copying file ./GoogleMapsResources.bundle/GoogleMaps.bundle/GMSCoreResources.bundle/measle_Q.png ... 
2026-06-22 13:28:49 +0000  863 bytes for ./GoogleMapsResources.bundle/GoogleMaps.bundle/GMSCoreResources.bundle/measle_Q.png
2026-06-22 13:28:49 +0000  copying file ./GoogleMapsResources.bundle/GoogleMaps.bundle/GMSCoreResources.bundle/measle_F.png ... 
2026-06-22 13:28:49 +0000  813 bytes for ./GoogleMapsResources.bundle/GoogleMaps.bundle/GMSCoreResources.bundle/measle_F.png
2026-06-22 13:28:49 +0000  copying file ./GoogleMapsResources.bundle/GoogleMaps.bundle/GMSCoreResources.bundle/ic_location_off@3x.png ... 
2026-06-22 13:28:49 +0000  1577 bytes for ./GoogleMapsResources.bundle/GoogleMaps.bundle/GMSCoreResources.bundle/ic_location_off@3x.png
2026-06-22 13:28:49 +0000  copying file ./GoogleMapsResources.bundle/GoogleMaps.bundle/GMSCoreResources.bundle/measle_blank_tiny.png ... 
2026-06-22 13:28:49 +0000  261 bytes for ./GoogleMapsResources.bundle/GoogleMaps.bundle/GMSCoreResources.bundle/measle_blank_tiny.png
2026-06-22 13:28:49 +0000  copying file ./GoogleMapsResources.bundle/GoogleMaps.bundle/GMSCoreResources.bundle/it.lproj/GMSCore.strings ... 
2026-06-22 13:28:49 +0000  4605 bytes for ./GoogleMapsResources.bundle/GoogleMaps.bundle/GMSCoreResources.bundle/it.lproj/GMSCore.strings
2026-06-22 13:28:49 +0000  copying file ./GoogleMapsResources.bundle/GoogleMaps.bundle/GMSCoreResources.bundle/measle_blank_small@3x.png ... 
2026-06-22 13:28:49 +0000  884 bytes for ./GoogleMapsResources.bundle/GoogleMaps.bundle/GMSCoreResources.bundle/measle_blank_small@3x.png
2026-06-22 13:28:49 +0000  copying file ./GoogleMapsResources.bundle/GoogleMaps.bundle/GMSCoreResources.bundle/sk.lproj/GMSCore.strings ... 
2026-06-22 13:28:49 +0000  5345 bytes for ./GoogleMapsResources.bundle/GoogleMaps.bundle/GMSCoreResources.bundle/sk.lproj/GMSCore.strings
2026-06-22 13:28:49 +0000  copying file ./GoogleMapsResources.bundle/GoogleMaps.bundle/GMSCoreResources.bundle/GMSMapColors2NavSprites-0-2x.png ... 
2026-06-22 13:28:49 +0000  2273 bytes for ./GoogleMapsResources.bundle/GoogleMaps.bundle/GMSCoreResources.bundle/GMSMapColors2NavSprites-0-2x.png
2026-06-22 13:28:49 +0000  copying file ./GoogleMapsResources.bundle/GoogleMaps.bundle/GMSCoreResources.bundle/GMSNavSprites-0-3x.png ... 
2026-06-22 13:28:49 +0000  20924 bytes for ./GoogleMapsResources.bundle/GoogleMaps.bundle/GMSCoreResources.bundle/GMSNavSprites-0-3x.png
2026-06-22 13:28:49 +0000  copying file ./GoogleMapsResources.bundle/GoogleMaps.bundle/GMSCoreResources.bundle/pt_PT.lproj/GMSCore.strings ... 
2026-06-22 13:28:49 +0000  5149 bytes for ./GoogleMapsResources.bundle/GoogleMaps.bundle/GMSCoreResources.bundle/pt_PT.lproj/GMSCore.strings
2026-06-22 13:28:49 +0000  copying file ./GoogleMapsResources.bundle/GoogleMaps.bundle/GMSCoreResources.bundle/button_compass_night.png ... 
2026-06-22 13:28:49 +0000  720 bytes for ./GoogleMapsResources.bundle/GoogleMaps.bundle/GMSCoreResources.bundle/button_compass_night.png
2026-06-22 13:28:49 +0000  copying file ./GoogleMapsResources.bundle/GoogleMaps.bundle/GMSCoreResources.bundle/button_my_location.png ... 
2026-06-22 13:28:49 +0000  492 bytes for ./GoogleMapsResources.bundle/GoogleMaps.bundle/GMSCoreResources.bundle/button_my_location.png
2026-06-22 13:28:49 +0000  copying file ./GoogleMapsResources.bundle/GoogleMaps.bundle/GMSCoreResources.bundle/measle_X@2x.png ... 
2026-06-22 13:28:49 +0000  2199 bytes for ./GoogleMapsResources.bundle/GoogleMaps.bundle/GMSCoreResources.bundle/measle_X@2x.png
2026-06-22 13:28:49 +0000  copying file ./GoogleMapsResources.bundle/GoogleMaps.bundle/GMSCoreResources.bundle/road_16-4.png ... 
2026-06-22 13:28:49 +0000  127 bytes for ./GoogleMapsResources.bundle/GoogleMaps.bundle/GMSCoreResources.bundle/road_16-4.png
2026-06-22 13:28:49 +0000  copying file ./GoogleMapsResources.bundle/GoogleMaps.bundle/GMSCoreResources.bundle/measle_N@3x.png ... 
2026-06-22 13:28:49 +0000  4166 bytes for ./GoogleMapsResources.bundle/GoogleMaps.bundle/GMSCoreResources.bundle/measle_N@3x.png
2026-06-22 13:28:49 +0000  copying file ./GoogleMapsResources.bundle/GoogleMaps.bundle/GMSCoreResources.bundle/measle_B@3x.png ... 
2026-06-22 13:28:49 +0000  4187 bytes for ./GoogleMapsResources.bundle/GoogleMaps.bundle/GMSCoreResources.bundle/measle_B@3x.png
2026-06-22 13:28:49 +0000  copying file ./GoogleMapsResources.bundle/GoogleMaps.bundle/GMSCoreResources.bundle/GMSMapColors2Sprites-0-1x.png ... 
2026-06-22 13:28:49 +0000  4026 bytes for ./GoogleMapsResources.bundle/GoogleMaps.bundle/GMSCoreResources.bundle/GMSMapColors2Sprites-0-1x.png
2026-06-22 13:28:49 +0000  copying file ./GoogleMapsResources.bundle/GoogleMaps.bundle/GMSCoreResources.bundle/measle_T@2x.png ... 
2026-06-22 13:28:49 +0000  2066 bytes for ./GoogleMapsResources.bundle/GoogleMaps.bundle/GMSCoreResources.bundle/measle_T@2x.png
2026-06-22 13:28:49 +0000  copying file ./GoogleMapsResources.bundle/GoogleMaps.bundle/GMSCoreResources.bundle/sr.lproj/GMSCore.strings ... 
2026-06-22 13:28:49 +0000  5772 bytes for ./GoogleMapsResources.bundle/GoogleMaps.bundle/GMSCoreResources.bundle/sr.lproj/GMSCore.strings
2026-06-22 13:28:49 +0000  copying file ./GoogleMapsResources.bundle/GoogleMaps.bundle/GMSCoreResources.bundle/ms.lproj/GMSCore.strings ... 
2026-06-22 13:28:49 +0000  4747 bytes for ./GoogleMapsResources.bundle/GoogleMaps.bundle/GMSCoreResources.bundle/ms.lproj/GMSCore.strings
2026-06-22 13:28:49 +0000  copying file ./GoogleMapsResources.bundle/GoogleMaps.bundle/GMSCoreResources.bundle/road_256-64.png ... 
2026-06-22 13:28:49 +0000  1934 bytes for ./GoogleMapsResources.bundle/GoogleMaps.bundle/GMSCoreResources.bundle/road_256-64.png
2026-06-22 13:28:49 +0000  copying file ./GoogleMapsResources.bundle/GoogleMaps.bundle/GMSCoreResources.bundle/measle_L@2x.png ... 
2026-06-22 13:28:49 +0000  2056 bytes for ./GoogleMapsResources.bundle/GoogleMaps.bundle/GMSCoreResources.bundle/measle_L@2x.png
2026-06-22 13:28:49 +0000  copying file ./GoogleMapsResources.bundle/GoogleMaps.bundle/GMSCoreResources.bundle/measle_V@3x.png ... 
2026-06-22 13:28:49 +0000  4210 bytes for ./GoogleMapsResources.bundle/GoogleMaps.bundle/GMSCoreResources.bundle/measle_V@3x.png
2026-06-22 13:28:49 +0000  copying file ./GoogleMapsResources.bundle/GoogleMaps.bundle/GMSCoreResources.bundle/measle_V@2x.png ... 
2026-06-22 13:28:49 +0000  2209 bytes for ./GoogleMapsResources.bundle/GoogleMaps.bundle/GMSCoreResources.bundle/measle_V@2x.png
2026-06-22 13:28:49 +0000  copying file ./GoogleMapsResources.bundle/GoogleMaps.bundle/GMSCoreResources.bundle/button_compass.png ... 
2026-06-22 13:28:49 +0000  631 bytes for ./GoogleMapsResources.bundle/GoogleMaps.bundle/GMSCoreResources.bundle/button_compass.png
2026-06-22 13:28:49 +0000  copying file ./GoogleMapsResources.bundle/GoogleMaps.bundle/GMSCoreResources.bundle/sv.lproj/GMSCore.strings ... 
2026-06-22 13:28:49 +0000  5706 bytes for ./GoogleMapsResources.bundle/GoogleMaps.bundle/GMSCoreResources.bundle/sv.lproj/GMSCore.strings
2026-06-22 13:28:49 +0000  copying file ./GoogleMapsResources.bundle/GoogleMaps.bundle/GMSCoreResources.bundle/road_8-2.png ... 
2026-06-22 13:28:49 +0000  93 bytes for ./GoogleMapsResources.bundle/GoogleMaps.bundle/GMSCoreResources.bundle/road_8-2.png
2026-06-22 13:28:49 +0000  copying file ./GoogleMapsResources.bundle/GoogleMaps.bundle/GMSCoreResources.bundle/measle_L@3x.png ... 
2026-06-22 13:28:49 +0000  3994 bytes for ./GoogleMapsResources.bundle/GoogleMaps.bundle/GMSCoreResources.bundle/measle_L@3x.png
2026-06-22 13:28:49 +0000  copying file ./GoogleMapsResources.bundle/GoogleMaps.bundle/GMSCoreResources.bundle/ic_closed_place_waypoint_alert_32pt.png ... 
2026-06-22 13:28:49 +0000  494 bytes for ./GoogleMapsResources.bundle/GoogleMaps.bundle/GMSCoreResources.bundle/ic_closed_place_waypoint_alert_32pt.png
2026-06-22 13:28:49 +0000  copying file ./GoogleMapsResources.bundle/GoogleMaps.bundle/GMSCoreResources.bundle/measle_T@3x.png ... 
2026-06-22 13:28:49 +0000  4000 bytes for ./GoogleMapsResources.bundle/GoogleMaps.bundle/GMSCoreResources.bundle/measle_T@3x.png
2026-06-22 13:28:49 +0000  copying file ./GoogleMapsResources.bundle/GoogleMaps.bundle/GMSCoreResources.bundle/cs.lproj/GMSCore.strings ... 
2026-06-22 13:28:49 +0000  5541 bytes for ./GoogleMapsResources.bundle/GoogleMaps.bundle/GMSCoreResources.bundle/cs.lproj/GMSCore.strings
2026-06-22 13:28:49 +0000  copying file ./GoogleMapsResources.bundle/GoogleMaps.bundle/GMSCoreResources.bundle/measle_B@2x.png ... 
2026-06-22 13:28:49 +0000  2175 bytes for ./GoogleMapsResources.bundle/GoogleMaps.bundle/GMSCoreResources.bundle/measle_B@2x.png
2026-06-22 13:28:49 +0000  copying file ./GoogleMapsResources.bundle/GoogleMaps.bundle/GMSCoreResources.bundle/measle_N@2x.png ... 
2026-06-22 13:28:49 +0000  2156 bytes for ./GoogleMapsResources.bundle/GoogleMaps.bundle/GMSCoreResources.bundle/measle_N@2x.png
2026-06-22 13:28:49 +0000  copying file ./GoogleMapsResources.bundle/GoogleMaps.bundle/GMSCoreResources.bundle/button_background.png ... 
2026-06-22 13:28:49 +0000  334 bytes for ./GoogleMapsResources.bundle/GoogleMaps.bundle/GMSCoreResources.bundle/button_background.png
2026-06-22 13:28:49 +0000  copying file ./GoogleMapsResources.bundle/GoogleMaps.bundle/GMSCoreResources.bundle/measle_X@3x.png ... 
2026-06-22 13:28:49 +0000  4237 bytes for ./GoogleMapsResources.bundle/GoogleMaps.bundle/GMSCoreResources.bundle/measle_X@3x.png
2026-06-22 13:28:49 +0000  copying file ./GoogleMapsResources.bundle/GoogleMaps.bundle/GMSCoreResources.bundle/GMSNavNightModeSprites-0-1x.png ... 
2026-06-22 13:28:49 +0000  3393 bytes for ./GoogleMapsResources.bundle/GoogleMaps.bundle/GMSCoreResources.bundle/GMSNavNightModeSprites-0-1x.png
2026-06-22 13:28:49 +0000  copying file ./GoogleMapsResources.bundle/GoogleMaps.bundle/GMSCoreResources.bundle/button_my_location@2x.png ... 
2026-06-22 13:28:49 +0000  1229 bytes for ./GoogleMapsResources.bundle/GoogleMaps.bundle/GMSCoreResources.bundle/button_my_location@2x.png
2026-06-22 13:28:49 +0000  copying file ./GoogleMapsResources.bundle/GoogleMaps.bundle/GMSCoreResources.bundle/en_IN.lproj/GMSCore.strings ... 
2026-06-22 13:28:49 +0000  4522 bytes for ./GoogleMapsResources.bundle/GoogleMaps.bundle/GMSCoreResources.bundle/en_IN.lproj/GMSCore.strings
2026-06-22 13:28:49 +0000  copying file ./GoogleMapsResources.bundle/GoogleMaps.bundle/GMSCoreResources.bundle/ko.lproj/GMSCore.strings ... 
2026-06-22 13:28:49 +0000  4867 bytes for ./GoogleMapsResources.bundle/GoogleMaps.bundle/GMSCoreResources.bundle/ko.lproj/GMSCore.strings
2026-06-22 13:28:49 +0000  copying file ./GoogleMapsResources.bundle/GoogleMaps.bundle/GMSCoreResources.bundle/GMSNavSprites-0-2x.png ... 
2026-06-22 13:28:49 +0000  13321 bytes for ./GoogleMapsResources.bundle/GoogleMaps.bundle/GMSCoreResources.bundle/GMSNavSprites-0-2x.png
2026-06-22 13:28:49 +0000  copying file ./GoogleMapsResources.bundle/GoogleMaps.bundle/GMSCoreResources.bundle/hy.lproj/GMSCore.strings ... 
2026-06-22 13:28:49 +0000  5837 bytes for ./GoogleMapsResources.bundle/GoogleMaps.bundle/GMSCoreResources.bundle/hy.lproj/GMSCore.strings
2026-06-22 13:28:49 +0000  copying file ./GoogleMapsResources.bundle/GoogleMaps.bundle/GMSCoreResources.bundle/GMSMapColors2NavSprites-0-3x.png ... 
2026-06-22 13:28:49 +0000  3408 bytes for ./GoogleMapsResources.bundle/GoogleMaps.bundle/GMSCoreResources.bundle/GMSMapColors2NavSprites-0-3x.png
2026-06-22 13:28:49 +0000  copying file ./GoogleMapsResources.bundle/GoogleMaps.bundle/GMSCoreResources.bundle/measle_blank_small.png ... 
2026-06-22 13:28:49 +0000  252 bytes for ./GoogleMapsResources.bundle/GoogleMaps.bundle/GMSCoreResources.bundle/measle_blank_small.png
2026-06-22 13:28:49 +0000  copying file ./GoogleMapsResources.bundle/GoogleMaps.bundle/GMSCoreResources.bundle/measle_blank_small@2x.png ... 
2026-06-22 13:28:49 +0000  508 bytes for ./GoogleMapsResources.bundle/GoogleMaps.bundle/GMSCoreResources.bundle/measle_blank_small@2x.png
2026-06-22 13:28:49 +0000  copying file ./GoogleMapsResources.bundle/GoogleMaps.bundle/GMSCoreResources.bundle/ic_location_off@2x.png ... 
2026-06-22 13:28:49 +0000  860 bytes for ./GoogleMapsResources.bundle/GoogleMaps.bundle/GMSCoreResources.bundle/ic_location_off@2x.png
2026-06-22 13:28:49 +0000  copying file ./GoogleMapsResources.bundle/GoogleMaps.bundle/GMSCoreResources.bundle/my.lproj/GMSCore.strings ... 
2026-06-22 13:28:49 +0000  6580 bytes for ./GoogleMapsResources.bundle/GoogleMaps.bundle/GMSCoreResources.bundle/my.lproj/GMSCore.strings
2026-06-22 13:28:49 +0000  copying file ./GoogleMapsResources.bundle/GoogleMaps.bundle/GMSCoreResources.bundle/ic_covid_checkpoint_waypoint_alert_32pt@2x.png ... 
2026-06-22 13:28:49 +0000  1373 bytes for ./GoogleMapsResources.bundle/GoogleMaps.bundle/GMSCoreResources.bundle/ic_covid_checkpoint_waypoint_alert_32pt@2x.png
2026-06-22 13:28:49 +0000  copying file ./GoogleMapsResources.bundle/GoogleMaps.bundle/GMSCoreResources.bundle/GMSNavSprites-0-1x.png ... 
2026-06-22 13:28:49 +0000  5684 bytes for ./GoogleMapsResources.bundle/GoogleMaps.bundle/GMSCoreResources.bundle/GMSNavSprites-0-1x.png
2026-06-22 13:28:49 +0000  copying file ./GoogleMapsResources.bundle/GoogleMaps.bundle/GMSCoreResources.bundle/Tharlon-Regular.ttf ... 
2026-06-22 13:28:49 +0000  353228 bytes for ./GoogleMapsResources.bundle/GoogleMaps.bundle/GMSCoreResources.bundle/Tharlon-Regular.ttf
2026-06-22 13:28:49 +0000  copying file ./GoogleMapsResources.bundle/GoogleMaps.bundle/GMSCoreResources.bundle/hu.lproj/GMSCore.strings ... 
2026-06-22 13:28:49 +0000  4864 bytes for ./GoogleMapsResources.bundle/GoogleMaps.bundle/GMSCoreResources.bundle/hu.lproj/GMSCore.strings
2026-06-22 13:28:49 +0000  copying file ./GoogleMapsResources.bundle/GoogleMaps.bundle/GMSCoreResources.bundle/zh_HK.lproj/GMSCore.strings ... 
2026-06-22 13:28:49 +0000  4951 bytes for ./GoogleMapsResources.bundle/GoogleMaps.bundle/GMSCoreResources.bundle/zh_HK.lproj/GMSCore.strings
2026-06-22 13:28:49 +0000  copying file ./GoogleMapsResources.bundle/GoogleMaps.bundle/GMSCoreResources.bundle/road_4-1.png ... 
2026-06-22 13:28:49 +0000  74 bytes for ./GoogleMapsResources.bundle/GoogleMaps.bundle/GMSCoreResources.bundle/road_4-1.png
2026-06-22 13:28:49 +0000  copying file ./GoogleMapsResources.bundle/GoogleMaps.bundle/GMSCoreResources.bundle/ka.lproj/GMSCore.strings ... 
2026-06-22 13:28:49 +0000  5770 bytes for ./GoogleMapsResources.bundle/GoogleMaps.bundle/GMSCoreResources.bundle/ka.lproj/GMSCore.strings
2026-06-22 13:28:49 +0000  copying file ./GoogleMapsResources.bundle/GoogleMaps.bundle/GMSCoreResources.bundle/button_background@2x.png ... 
2026-06-22 13:28:49 +0000  433 bytes for ./GoogleMapsResources.bundle/GoogleMaps.bundle/GMSCoreResources.bundle/button_background@2x.png
2026-06-22 13:28:49 +0000  copying file ./GoogleMapsResources.bundle/GoogleMaps.bundle/GMSCoreResources.bundle/ic_compass_needle_32pt.png ... 
2026-06-22 13:28:49 +0000  742 bytes for ./GoogleMapsResources.bundle/GoogleMaps.bundle/GMSCoreResources.bundle/ic_compass_needle_32pt.png
2026-06-22 13:28:49 +0000  copying file ./GoogleMapsResources.bundle/GoogleMaps.bundle/GMSCoreResources.bundle/measle_I@3x.png ... 
2026-06-22 13:28:49 +0000  3977 bytes for ./GoogleMapsResources.bundle/GoogleMaps.bundle/GMSCoreResources.bundle/measle_I@3x.png
2026-06-22 13:28:49 +0000  copying file ./GoogleMapsResources.bundle/GoogleMaps.bundle/GMSCoreResources.bundle/measle_E@3x.png ... 
2026-06-22 13:28:49 +0000  4031 bytes for ./GoogleMapsResources.bundle/GoogleMaps.bundle/GMSCoreResources.bundle/measle_E@3x.png
2026-06-22 13:28:49 +0000  copying file ./GoogleMapsResources.bundle/GoogleMaps.bundle/GMSCoreResources.bundle/ic_compass_needle@2x.png ... 
2026-06-22 13:28:49 +0000  992 bytes for ./GoogleMapsResources.bundle/GoogleMaps.bundle/GMSCoreResources.bundle/ic_compass_needle@2x.png
2026-06-22 13:28:49 +0000  copying file ./GoogleMapsResources.bundle/GoogleMaps.bundle/GMSCoreResources.bundle/measle_S@2x.png ... 
2026-06-22 13:28:49 +0000  2222 bytes for ./GoogleMapsResources.bundle/GoogleMaps.bundle/GMSCoreResources.bundle/measle_S@2x.png
2026-06-22 13:28:49 +0000  copying file ./GoogleMapsResources.bundle/GoogleMaps.bundle/GMSCoreResources.bundle/Assets.car ... 
2026-06-22 13:28:49 +0000  48735 bytes for ./GoogleMapsResources.bundle/GoogleMaps.bundle/GMSCoreResources.bundle/Assets.car
2026-06-22 13:28:49 +0000  copying file ./GoogleMapsResources.bundle/GoogleMaps.bundle/GMSCoreResources.bundle/tr.lproj/GMSCore.strings ... 
2026-06-22 13:28:49 +0000  5357 bytes for ./GoogleMapsResources.bundle/GoogleMaps.bundle/GMSCoreResources.bundle/tr.lproj/GMSCore.strings
2026-06-22 13:28:49 +0000  copying file ./GoogleMapsResources.bundle/GoogleMaps.bundle/GMSCoreResources.bundle/GMSMapColors2Sprites-0-3x.png ... 
2026-06-22 13:28:49 +0000  13060 bytes for ./GoogleMapsResources.bundle/GoogleMaps.bundle/GMSCoreResources.bundle/GMSMapColors2Sprites-0-3x.png
2026-06-22 13:28:49 +0000  copying file ./GoogleMapsResources.bundle/GoogleMaps.bundle/GMSCoreResources.bundle/measle_K@2x.png ... 
2026-06-22 13:28:49 +0000  2166 bytes for ./GoogleMapsResources.bundle/GoogleMaps.bundle/GMSCoreResources.bundle/measle_K@2x.png
2026-06-22 13:28:49 +0000  copying file ./GoogleMapsResources.bundle/GoogleMaps.bundle/GMSCoreResources.bundle/pl.lproj/GMSCore.strings ... 
2026-06-22 13:28:49 +0000  5126 bytes for ./GoogleMapsResources.bundle/GoogleMaps.bundle/GMSCoreResources.bundle/pl.lproj/GMSCore.strings
2026-06-22 13:28:49 +0000  copying file ./GoogleMapsResources.bundle/GoogleMaps.bundle/GMSCoreResources.bundle/measle_dot.png ... 
2026-06-22 13:28:49 +0000  739 bytes for ./GoogleMapsResources.bundle/GoogleMaps.bundle/GMSCoreResources.bundle/measle_dot.png
2026-06-22 13:28:49 +0000  copying file ./GoogleMapsResources.bundle/GoogleMaps.bundle/GMSCoreResources.bundle/measle_G@2x.png ... 
2026-06-22 13:28:49 +0000  2214 bytes for ./GoogleMapsResources.bundle/GoogleMaps.bundle/GMSCoreResources.bundle/measle_G@2x.png
2026-06-22 13:28:49 +0000  copying file ./GoogleMapsResources.bundle/GoogleMaps.bundle/GMSCoreResources.bundle/measle_dot@2x.png ... 
2026-06-22 13:28:49 +0000  1622 bytes for ./GoogleMapsResources.bundle/GoogleMaps.bundle/GMSCoreResources.bundle/measle_dot@2x.png
2026-06-22 13:28:49 +0000  copying file ./GoogleMapsResources.bundle/GoogleMaps.bundle/GMSCoreResources.bundle/zh_TW.lproj/GMSCore.strings ... 
2026-06-22 13:28:49 +0000  4953 bytes for ./GoogleMapsResources.bundle/GoogleMaps.bundle/GMSCoreResources.bundle/zh_TW.lproj/GMSCore.strings
2026-06-22 13:28:49 +0000  copying file ./GoogleMapsResources.bundle/GoogleMaps.bundle/GMSCoreResources.bundle/ic_closed_place_waypoint_alert_32pt@3x.png ... 
2026-06-22 13:28:49 +0000  1643 bytes for ./GoogleMapsResources.bundle/GoogleMaps.bundle/GMSCoreResources.bundle/ic_closed_place_waypoint_alert_32pt@3x.png
2026-06-22 13:28:49 +0000  copying file ./GoogleMapsResources.bundle/GoogleMaps.bundle/GMSCoreResources.bundle/measle_Q@3x.png ... 
2026-06-22 13:28:49 +0000  4002 bytes for ./GoogleMapsResources.bundle/GoogleMaps.bundle/GMSCoreResources.bundle/measle_Q@3x.png
2026-06-22 13:28:49 +0000  copying file ./GoogleMapsResources.bundle/GoogleMaps.bundle/GMSCoreResources.bundle/GMSNavNightModeSprites-0-2x.png ... 
2026-06-22 13:28:49 +0000  7660 bytes for ./GoogleMapsResources.bundle/GoogleMaps.bundle/GMSCoreResources.bundle/GMSNavNightModeSprites-0-2x.png
2026-06-22 13:28:49 +0000  copying file ./GoogleMapsResources.bundle/GoogleMaps.bundle/GMSCoreResources.bundle/GMSNavNightModeSprites-0-3x.png ... 
2026-06-22 13:28:49 +0000  12519 bytes for ./GoogleMapsResources.bundle/GoogleMaps.bundle/GMSCoreResources.bundle/GMSNavNightModeSprites-0-3x.png
2026-06-22 13:28:49 +0000  copying file ./GoogleMapsResources.bundle/GoogleMaps.bundle/GMSCoreResources.bundle/measle_Q@2x.png ... 
2026-06-22 13:28:49 +0000  2233 bytes for ./GoogleMapsResources.bundle/GoogleMaps.bundle/GMSCoreResources.bundle/measle_Q@2x.png
2026-06-22 13:28:49 +0000  copying file ./GoogleMapsResources.bundle/GoogleMaps.bundle/GMSCoreResources.bundle/ic_closed_place_waypoint_alert_32pt@2x.png ... 
2026-06-22 13:28:49 +0000  1210 bytes for ./GoogleMapsResources.bundle/GoogleMaps.bundle/GMSCoreResources.bundle/ic_closed_place_waypoint_alert_32pt@2x.png
2026-06-22 13:28:49 +0000  copying file ./GoogleMapsResources.bundle/GoogleMaps.bundle/GMSCoreResources.bundle/en_GB.lproj/GMSCore.strings ... 
2026-06-22 13:28:49 +0000  4522 bytes for ./GoogleMapsResources.bundle/GoogleMaps.bundle/GMSCoreResources.bundle/en_GB.lproj/GMSCore.strings
2026-06-22 13:28:49 +0000  copying file ./GoogleMapsResources.bundle/GoogleMaps.bundle/GMSCoreResources.bundle/measle_G@3x.png ... 
2026-06-22 13:28:49 +0000  4244 bytes for ./GoogleMapsResources.bundle/GoogleMaps.bundle/GMSCoreResources.bundle/measle_G@3x.png
2026-06-22 13:28:49 +0000  copying file ./GoogleMapsResources.bundle/GoogleMaps.bundle/GMSCoreResources.bundle/measle_dot@3x.png ... 
2026-06-22 13:28:49 +0000  3288 bytes for ./GoogleMapsResources.bundle/GoogleMaps.bundle/GMSCoreResources.bundle/measle_dot@3x.png
2026-06-22 13:28:49 +0000  copying file ./GoogleMapsResources.bundle/GoogleMaps.bundle/GMSCoreResources.bundle/measle_K@3x.png ... 
2026-06-22 13:28:49 +0000  4192 bytes for ./GoogleMapsResources.bundle/GoogleMaps.bundle/GMSCoreResources.bundle/measle_K@3x.png
2026-06-22 13:28:49 +0000  copying file ./GoogleMapsResources.bundle/GoogleMaps.bundle/GMSCoreResources.bundle/GMSMapColors2Sprites-0-2x.png ... 
2026-06-22 13:28:49 +0000  8548 bytes for ./GoogleMapsResources.bundle/GoogleMaps.bundle/GMSCoreResources.bundle/GMSMapColors2Sprites-0-2x.png
2026-06-22 13:28:49 +0000  copying file ./GoogleMapsResources.bundle/GoogleMaps.bundle/GMSCoreResources.bundle/dav_one_way_16_256.png ... 
2026-06-22 13:28:49 +0000  315 bytes for ./GoogleMapsResources.bundle/GoogleMaps.bundle/GMSCoreResources.bundle/dav_one_way_16_256.png
2026-06-22 13:28:49 +0000  copying file ./GoogleMapsResources.bundle/GoogleMaps.bundle/GMSCoreResources.bundle/measle_S@3x.png ... 
2026-06-22 13:28:49 +0000  4290 bytes for ./GoogleMapsResources.bundle/GoogleMaps.bundle/GMSCoreResources.bundle/measle_S@3x.png
2026-06-22 13:28:49 +0000  copying file ./GoogleMapsResources.bundle/GoogleMaps.bundle/GMSCoreResources.bundle/road_2-1.png ... 
2026-06-22 13:28:49 +0000  84 bytes for ./GoogleMapsResources.bundle/GoogleMaps.bundle/GMSCoreResources.bundle/road_2-1.png
2026-06-22 13:28:49 +0000  copying file ./GoogleMapsResources.bundle/GoogleMaps.bundle/GMSCoreResources.bundle/measle_E@2x.png ... 
2026-06-22 13:28:49 +0000  2082 bytes for ./GoogleMapsResources.bundle/GoogleMaps.bundle/GMSCoreResources.bundle/measle_E@2x.png
2026-06-22 13:28:49 +0000  copying file ./GoogleMapsResources.bundle/GoogleMaps.bundle/GMSCoreResources.bundle/vi.lproj/GMSCore.strings ... 
2026-06-22 13:28:49 +0000  5963 bytes for ./GoogleMapsResources.bundle/GoogleMaps.bundle/GMSCoreResources.bundle/vi.lproj/GMSCore.strings
2026-06-22 13:28:49 +0000  copying file ./GoogleMapsResources.bundle/GoogleMaps.bundle/GMSCoreResources.bundle/measle_I@2x.png ... 
2026-06-22 13:28:49 +0000  2046 bytes for ./GoogleMapsResources.bundle/GoogleMaps.bundle/GMSCoreResources.bundle/measle_I@2x.png
2026-06-22 13:28:49 +0000  copying file ./GoogleMapsResources.bundle/GoogleMaps.bundle/GMSCoreResources.bundle/button_background@3x.png ... 
2026-06-22 13:28:49 +0000  515 bytes for ./GoogleMapsResources.bundle/GoogleMaps.bundle/GMSCoreResources.bundle/button_background@3x.png
2026-06-22 13:28:49 +0000  copying file ./GoogleMapsResources.bundle/GoogleMaps.bundle/GMSCoreResources.bundle/road_32-8.png ... 
2026-06-22 13:28:49 +0000  223 bytes for ./GoogleMapsResources.bundle/GoogleMaps.bundle/GMSCoreResources.bundle/road_32-8.png
2026-06-22 13:28:49 +0000  copying file ./GoogleMapsResources.bundle/GoogleMaps.bundle/GMSCoreResources.bundle/lt.lproj/GMSCore.strings ... 
2026-06-22 13:28:49 +0000  5211 bytes for ./GoogleMapsResources.bundle/GoogleMaps.bundle/GMSCoreResources.bundle/lt.lproj/GMSCore.strings
2026-06-22 13:28:49 +0000  copying file ./GoogleMapsResources.bundle/GoogleMaps.bundle/GMSCoreResources.bundle/ru.lproj/GMSCore.strings ... 
2026-06-22 13:28:49 +0000  5979 bytes for ./GoogleMapsResources.bundle/GoogleMaps.bundle/GMSCoreResources.bundle/ru.lproj/GMSCore.strings
2026-06-22 13:28:49 +0000  copying file ./GoogleMapsResources.bundle/GoogleMaps.bundle/GMSCoreResources.bundle/GMSShaders.metallib ... 
2026-06-22 13:28:49 +0000  237992 bytes for ./GoogleMapsResources.bundle/GoogleMaps.bundle/GMSCoreResources.bundle/GMSShaders.metallib
2026-06-22 13:28:49 +0000  copying file ./GoogleMapsResources.bundle/GoogleMaps.bundle/GMSCoreResources.bundle/GMSMapColors2NavSprites-0-1x.png ... 
2026-06-22 13:28:49 +0000  1122 bytes for ./GoogleMapsResources.bundle/GoogleMaps.bundle/GMSCoreResources.bundle/GMSMapColors2NavSprites-0-1x.png
2026-06-22 13:28:49 +0000  copying file ./GoogleMapsResources.bundle/GoogleMaps.bundle/GMSCoreResources.bundle/polyline_colors_texture_dim.png ... 
2026-06-22 13:28:49 +0000  7485 bytes for ./GoogleMapsResources.bundle/GoogleMaps.bundle/GMSCoreResources.bundle/polyline_colors_texture_dim.png
2026-06-22 13:28:49 +0000  copying file ./GoogleMapsResources.bundle/GoogleMaps.bundle/GMSCoreResources.bundle/ic_covid_checkpoint_waypoint_alert_32pt@3x.png ... 
2026-06-22 13:28:49 +0000  1826 bytes for ./GoogleMapsResources.bundle/GoogleMaps.bundle/GMSCoreResources.bundle/ic_covid_checkpoint_waypoint_alert_32pt@3x.png
2026-06-22 13:28:49 +0000  copying file ./GoogleMapsResources.bundle/GoogleMaps.bundle/GMSCoreResources.bundle/ic_closed_place_waypoint_alert_night_32pt.png ... 
2026-06-22 13:28:49 +0000  435 bytes for ./GoogleMapsResources.bundle/GoogleMaps.bundle/GMSCoreResources.bundle/ic_closed_place_waypoint_alert_night_32pt.png
2026-06-22 13:28:49 +0000  copying file ./GoogleMapsResources.bundle/GoogleMaps.bundle/GMSCoreResources.bundle/fr_CA.lproj/GMSCore.strings ... 
2026-06-22 13:28:49 +0000  5502 bytes for ./GoogleMapsResources.bundle/GoogleMaps.bundle/GMSCoreResources.bundle/fr_CA.lproj/GMSCore.strings
2026-06-22 13:28:49 +0000  copying file ./GoogleMapsResources.bundle/GoogleMaps.bundle/GMSCoreResources.bundle/measle_K.png ... 
2026-06-22 13:28:49 +0000  843 bytes for ./GoogleMapsResources.bundle/GoogleMaps.bundle/GMSCoreResources.bundle/measle_K.png
2026-06-22 13:28:49 +0000  copying file ./GoogleMapsResources.bundle/GoogleMaps.bundle/GMSCoreResources.bundle/measle_M@2x.png ... 
2026-06-22 13:28:49 +0000  2225 bytes for ./GoogleMapsResources.bundle/GoogleMaps.bundle/GMSCoreResources.bundle/measle_M@2x.png
2026-06-22 13:28:49 +0000  copying file ./GoogleMapsResources.bundle/GoogleMaps.bundle/GMSCoreResources.bundle/ic_covid_checkpoint_waypoint_alert_night_32pt@3x.png ... 
2026-06-22 13:28:49 +0000  1841 bytes for ./GoogleMapsResources.bundle/GoogleMaps.bundle/GMSCoreResources.bundle/ic_covid_checkpoint_waypoint_alert_night_32pt@3x.png
2026-06-22 13:28:49 +0000  copying file ./GoogleMapsResources.bundle/GoogleMaps.bundle/GMSCoreResources.bundle/ic_compass_needle_32pt@2x.png ... 
2026-06-22 13:28:49 +0000  1360 bytes for ./GoogleMapsResources.bundle/GoogleMaps.bundle/GMSCoreResources.bundle/ic_compass_needle_32pt@2x.png
2026-06-22 13:28:49 +0000  copying file ./GoogleMapsResources.bundle/GoogleMaps.bundle/GMSCoreResources.bundle/road_128-32.png ... 
2026-06-22 13:28:49 +0000  1029 bytes for ./GoogleMapsResources.bundle/GoogleMaps.bundle/GMSCoreResources.bundle/road_128-32.png
2026-06-22 13:28:49 +0000  copying file ./GoogleMapsResources.bundle/GoogleMaps.bundle/GMSCoreResources.bundle/measle_W@3x.png ... 
2026-06-22 13:28:49 +0000  4392 bytes for ./GoogleMapsResources.bundle/GoogleMaps.bundle/GMSCoreResources.bundle/measle_W@3x.png
2026-06-22 13:28:49 +0000  copying file ./GoogleMapsResources.bundle/GoogleMaps.bundle/GMSCoreResources.bundle/uz.lproj/GMSCore.strings ... 
2026-06-22 13:28:49 +0000  4613 bytes for ./GoogleMapsResources.bundle/GoogleMaps.bundle/GMSCoreResources.bundle/uz.lproj/GMSCore.strings
2026-06-22 13:28:49 +0000  copying file ./GoogleMapsResources.bundle/GoogleMaps.bundle/GMSCoreResources.bundle/measle_blank@3x.png ... 
2026-06-22 13:28:49 +0000  3148 bytes for ./GoogleMapsResources.bundle/GoogleMaps.bundle/GMSCoreResources.bundle/measle_blank@3x.png
2026-06-22 13:28:49 +0000  copying file ./GoogleMapsResources.bundle/GoogleMaps.bundle/GMSCoreResources.bundle/ic_covid_medical_waypoint_alert_32pt.png ... 
2026-06-22 13:28:49 +0000  441 bytes for ./GoogleMapsResources.bundle/GoogleMaps.bundle/GMSCoreResources.bundle/ic_covid_medical_waypoint_alert_32pt.png
2026-06-22 13:28:49 +0000  copying file ./GoogleMapsResources.bundle/GoogleMaps.bundle/GMSCoreResources.bundle/measle_A@2x.png ... 
2026-06-22 13:28:49 +0000  2183 bytes for ./GoogleMapsResources.bundle/GoogleMaps.bundle/GMSCoreResources.bundle/measle_A@2x.png
2026-06-22 13:28:49 +0000  copying file ./GoogleMapsResources.bundle/GoogleMaps.bundle/GMSCoreResources.bundle/measle_O@3x.png ... 
2026-06-22 13:28:49 +0000  4268 bytes for ./GoogleMapsResources.bundle/GoogleMaps.bundle/GMSCoreResources.bundle/measle_O@3x.png
2026-06-22 13:28:49 +0000  copying file ./GoogleMapsResources.bundle/GoogleMaps.bundle/GMSCoreResources.bundle/fr.lproj/GMSCore.strings ... 
2026-06-22 13:28:49 +0000  5772 bytes for ./GoogleMapsResources.bundle/GoogleMaps.bundle/GMSCoreResources.bundle/fr.lproj/GMSCore.strings
2026-06-22 13:28:49 +0000  copying file ./GoogleMapsResources.bundle/GoogleMaps.bundle/GMSCoreResources.bundle/fi.lproj/GMSCore.strings ... 
2026-06-22 13:28:49 +0000  5213 bytes for ./GoogleMapsResources.bundle/GoogleMaps.bundle/GMSCoreResources.bundle/fi.lproj/GMSCore.strings
2026-06-22 13:28:49 +0000  copying file ./GoogleMapsResources.bundle/GoogleMaps.bundle/GMSCoreResources.bundle/measle_Y@2x.png ... 
2026-06-22 13:28:49 +0000  2160 bytes for ./GoogleMapsResources.bundle/GoogleMaps.bundle/GMSCoreResources.bundle/measle_Y@2x.png
2026-06-22 13:28:49 +0000  copying file ./GoogleMapsResources.bundle/GoogleMaps.bundle/GMSCoreResources.bundle/id.lproj/GMSCore.strings ... 
2026-06-22 13:28:49 +0000  4519 bytes for ./GoogleMapsResources.bundle/GoogleMaps.bundle/GMSCoreResources.bundle/id.lproj/GMSCore.strings
2026-06-22 13:28:49 +0000  copying file ./GoogleMapsResources.bundle/GoogleMaps.bundle/GMSCoreResources.bundle/nl.lproj/GMSCore.strings ... 
2026-06-22 13:28:49 +0000  4813 bytes for ./GoogleMapsResources.bundle/GoogleMaps.bundle/GMSCoreResources.bundle/nl.lproj/GMSCore.strings
2026-06-22 13:28:49 +0000  copying file ./GoogleMapsResources.bundle/GoogleMaps.bundle/GMSCoreResources.bundle/th.lproj/GMSCore.strings ... 
2026-06-22 13:28:49 +0000  6166 bytes for ./GoogleMapsResources.bundle/GoogleMaps.bundle/GMSCoreResources.bundle/th.lproj/GMSCore.strings
2026-06-22 13:28:49 +0000  copying file ./GoogleMapsResources.bundle/GoogleMaps.bundle/GMSCoreResources.bundle/measle_U@2x.png ... 
2026-06-22 13:28:49 +0000  2136 bytes for ./GoogleMapsResources.bundle/GoogleMaps.bundle/GMSCoreResources.bundle/measle_U@2x.png
2026-06-22 13:28:49 +0000  copying file ./GoogleMapsResources.bundle/GoogleMaps.bundle/GMSCoreResources.bundle/ic_covid_medical_waypoint_alert_night_32pt@3x.png ... 
2026-06-22 13:28:49 +0000  1066 bytes for ./GoogleMapsResources.bundle/GoogleMaps.bundle/GMSCoreResources.bundle/ic_covid_medical_waypoint_alert_night_32pt@3x.png
2026-06-22 13:28:49 +0000  copying file ./GoogleMapsResources.bundle/GoogleMaps.bundle/GMSCoreResources.bundle/measle_C@3x.png ... 
2026-06-22 13:28:49 +0000  4247 bytes for ./GoogleMapsResources.bundle/GoogleMaps.bundle/GMSCoreResources.bundle/measle_C@3x.png
2026-06-22 13:28:49 +0000  copying file ./GoogleMapsResources.bundle/GoogleMaps.bundle/GMSCoreResources.bundle/az.lproj/GMSCore.strings ... 
2026-06-22 13:28:49 +0000  5645 bytes for ./GoogleMapsResources.bundle/GoogleMaps.bundle/GMSCoreResources.bundle/az.lproj/GMSCore.strings
2026-06-22 13:28:49 +0000  copying file ./GoogleMapsResources.bundle/GoogleMaps.bundle/GMSCoreResources.bundle/measle_J.png ... 
2026-06-22 13:28:49 +0000  804 bytes for ./GoogleMapsResources.bundle/GoogleMaps.bundle/GMSCoreResources.bundle/measle_J.png
2026-06-22 13:28:49 +0000  copying file ./GoogleMapsResources.bundle/GoogleMaps.bundle/GMSCoreResources.bundle/measle_H.png ... 
2026-06-22 13:28:49 +0000  800 bytes for ./GoogleMapsResources.bundle/GoogleMaps.bundle/GMSCoreResources.bundle/measle_H.png
2026-06-22 13:28:49 +0000  copying file ./GoogleMapsResources.bundle/GoogleMaps.bundle/GMSCoreResources.bundle/road_64-16.png ... 
2026-06-22 13:28:49 +0000  425 bytes for ./GoogleMapsResources.bundle/GoogleMaps.bundle/GMSCoreResources.bundle/road_64-16.png
2026-06-22 13:28:49 +0000  copying file ./GoogleMapsResources.bundle/GoogleMaps.bundle/GMSCoreResources.bundle/GMSSprites-0-3x.png ... 
2026-06-22 13:28:49 +0000  109039 bytes for ./GoogleMapsResources.bundle/GoogleMaps.bundle/GMSCoreResources.bundle/GMSSprites-0-3x.png
2026-06-22 13:28:49 +0000  copying file ./GoogleMapsResources.bundle/GoogleMaps.bundle/GMSCoreResources.bundle/polyline_colors_texture.png ... 
2026-06-22 13:28:49 +0000  7433 bytes for ./GoogleMapsResources.bundle/GoogleMaps.bundle/GMSCoreResources.bundle/polyline_colors_texture.png
2026-06-22 13:28:49 +0000  copying file ./GoogleMapsResources.bundle/GoogleMaps.bundle/GMSCoreResources.bundle/ic_compass_needle.png ... 
2026-06-22 13:28:49 +0000  483 bytes for ./GoogleMapsResources.bundle/GoogleMaps.bundle/GMSCoreResources.bundle/ic_compass_needle.png
2026-06-22 13:28:49 +0000  copying file ./GoogleMapsResources.bundle/GoogleMaps.bundle/GMSCoreResources.bundle/pt.lproj/GMSCore.strings ... 
2026-06-22 13:28:49 +0000  5444 bytes for ./GoogleMapsResources.bundle/GoogleMaps.bundle/GMSCoreResources.bundle/pt.lproj/GMSCore.strings
2026-06-22 13:28:49 +0000  copying file ./GoogleMapsResources.bundle/GoogleMaps.bundle/GMSCoreResources.bundle/GMSShadersSim.metallib ... 
2026-06-22 13:28:49 +0000  239160 bytes for ./GoogleMapsResources.bundle/GoogleMaps.bundle/GMSCoreResources.bundle/GMSShadersSim.metallib
2026-06-22 13:28:49 +0000  copying file ./GoogleMapsResources.bundle/GoogleMaps.bundle/GMSCoreResources.bundle/ic_covid_border_waypoint_alert_32pt@2x.png ... 
2026-06-22 13:28:49 +0000  1012 bytes for ./GoogleMapsResources.bundle/GoogleMaps.bundle/GMSCoreResources.bundle/ic_covid_border_waypoint_alert_32pt@2x.png
2026-06-22 13:28:49 +0000  copying file ./GoogleMapsResources.bundle/GoogleMaps.bundle/GMSCoreResources.bundle/ic_closed_place_waypoint_alert_night_32pt@2x.png ... 
2026-06-22 13:28:49 +0000  1069 bytes for ./GoogleMapsResources.bundle/GoogleMaps.bundle/GMSCoreResources.bundle/ic_closed_place_waypoint_alert_night_32pt@2x.png
2026-06-22 13:28:49 +0000  copying file ./GoogleMapsResources.bundle/GoogleMaps.bundle/GMSCoreResources.bundle/GMSMapColors2NavNightModeSprites-0-3x.png ... 
2026-06-22 13:28:49 +0000  12110 bytes for ./GoogleMapsResources.bundle/GoogleMaps.bundle/GMSCoreResources.bundle/GMSMapColors2NavNightModeSprites-0-3x.png
2026-06-22 13:28:49 +0000  copying file ./GoogleMapsResources.bundle/GoogleMaps.bundle/GMSCoreResources.bundle/measle_I.png ... 
2026-06-22 13:28:49 +0000  776 bytes for ./GoogleMapsResources.bundle/GoogleMaps.bundle/GMSCoreResources.bundle/measle_I.png
2026-06-22 13:28:49 +0000  copying file ./GoogleMapsResources.bundle/GoogleMaps.bundle/GMSCoreResources.bundle/measle_M.png ... 
2026-06-22 13:28:49 +0000  860 bytes for ./GoogleMapsResources.bundle/GoogleMaps.bundle/GMSCoreResources.bundle/measle_M.png
2026-06-22 13:28:49 +0000  copying file ./GoogleMapsResources.bundle/GoogleMaps.bundle/GMSCoreResources.bundle/road_1-1.png ... 
2026-06-22 13:28:49 +0000  95 bytes for ./GoogleMapsResources.bundle/GoogleMaps.bundle/GMSCoreResources.bundle/road_1-1.png
2026-06-22 13:28:49 +0000  copying file ./GoogleMapsResources.bundle/GoogleMaps.bundle/GMSCoreResources.bundle/GMSMapColors2NavNightModeSprites-0-2x.png ... 
2026-06-22 13:28:49 +0000  7564 bytes for ./GoogleMapsResources.bundle/GoogleMaps.bundle/GMSCoreResources.bundle/GMSMapColors2NavNightModeSprites-0-2x.png
2026-06-22 13:28:49 +0000  copying file ./GoogleMapsResources.bundle/GoogleMaps.bundle/GMSCoreResources.bundle/ic_location_off.png ... 
2026-06-22 13:28:49 +0000  498 bytes for ./GoogleMapsResources.bundle/GoogleMaps.bundle/GMSCoreResources.bundle/ic_location_off.png
2026-06-22 13:28:49 +0000  copying file ./GoogleMapsResources.bundle/GoogleMaps.bundle/GMSCoreResources.bundle/ic_covid_border_waypoint_alert_32pt@3x.png ... 
2026-06-22 13:28:49 +0000  1353 bytes for ./GoogleMapsResources.bundle/GoogleMaps.bundle/GMSCoreResources.bundle/ic_covid_border_waypoint_alert_32pt@3x.png
2026-06-22 13:28:49 +0000  copying file ./GoogleMapsResources.bundle/GoogleMaps.bundle/GMSCoreResources.bundle/ic_closed_place_waypoint_alert_night_32pt@3x.png ... 
2026-06-22 13:28:49 +0000  1472 bytes for ./GoogleMapsResources.bundle/GoogleMaps.bundle/GMSCoreResources.bundle/ic_closed_place_waypoint_alert_night_32pt@3x.png
2026-06-22 13:28:49 +0000  copying file ./GoogleMapsResources.bundle/GoogleMaps.bundle/GMSCoreResources.bundle/ro.lproj/GMSCore.strings ... 
2026-06-22 13:28:49 +0000  4926 bytes for ./GoogleMapsResources.bundle/GoogleMaps.bundle/GMSCoreResources.bundle/ro.lproj/GMSCore.strings
2026-06-22 13:28:49 +0000  copying file ./GoogleMapsResources.bundle/GoogleMaps.bundle/GMSCoreResources.bundle/measle_blank.png ... 
2026-06-22 13:28:49 +0000  707 bytes for ./GoogleMapsResources.bundle/GoogleMaps.bundle/GMSCoreResources.bundle/measle_blank.png
2026-06-22 13:28:49 +0000  copying file ./GoogleMapsResources.bundle/GoogleMaps.bundle/GMSCoreResources.bundle/measle_L.png ... 
2026-06-22 13:28:49 +0000  787 bytes for ./GoogleMapsResources.bundle/GoogleMaps.bundle/GMSCoreResources.bundle/measle_L.png
2026-06-22 13:28:49 +0000  copying file ./GoogleMapsResources.bundle/GoogleMaps.bundle/GMSCoreResources.bundle/Info.plist ... 
2026-06-22 13:28:49 +0000  359 bytes for ./GoogleMapsResources.bundle/GoogleMaps.bundle/GMSCoreResources.bundle/Info.plist
2026-06-22 13:28:49 +0000  copying file ./GoogleMapsResources.bundle/GoogleMaps.bundle/GMSCoreResources.bundle/GMSSprites-0-2x.png ... 
2026-06-22 13:28:49 +0000  55717 bytes for ./GoogleMapsResources.bundle/GoogleMaps.bundle/GMSCoreResources.bundle/GMSSprites-0-2x.png
2026-06-22 13:28:49 +0000  copying file ./GoogleMapsResources.bundle/GoogleMaps.bundle/GMSCoreResources.bundle/measle_Y.png ... 
2026-06-22 13:28:49 +0000  834 bytes for ./GoogleMapsResources.bundle/GoogleMaps.bundle/GMSCoreResources.bundle/measle_Y.png
2026-06-22 13:28:49 +0000  copying file ./GoogleMapsResources.bundle/GoogleMaps.bundle/GMSCoreResources.bundle/measle_N.png ... 
2026-06-22 13:28:49 +0000  836 bytes for ./GoogleMapsResources.bundle/GoogleMaps.bundle/GMSCoreResources.bundle/measle_N.png
2026-06-22 13:28:49 +0000  copying file ./GoogleMapsResources.bundle/GoogleMaps.bundle/GMSCoreResources.bundle/measle_C@2x.png ... 
2026-06-22 13:28:49 +0000  2208 bytes for ./GoogleMapsResources.bundle/GoogleMaps.bundle/GMSCoreResources.bundle/measle_C@2x.png
2026-06-22 13:28:49 +0000  copying file ./GoogleMapsResources.bundle/GoogleMaps.bundle/GMSCoreResources.bundle/ic_covid_medical_waypoint_alert_night_32pt.png ... 
2026-06-22 13:28:49 +0000  382 bytes for ./GoogleMapsResources.bundle/GoogleMaps.bundle/GMSCoreResources.bundle/ic_covid_medical_waypoint_alert_night_32pt.png
2026-06-22 13:28:49 +0000  copying file ./GoogleMapsResources.bundle/GoogleMaps.bundle/GMSCoreResources.bundle/ic_covid_checkpoint_waypoint_alert_32pt.png ... 
2026-06-22 13:28:49 +0000  601 bytes for ./GoogleMapsResources.bundle/GoogleMaps.bundle/GMSCoreResources.bundle/ic_covid_checkpoint_waypoint_alert_32pt.png
2026-06-22 13:28:49 +0000  copying file ./GoogleMapsResources.bundle/GoogleMaps.bundle/GMSCoreResources.bundle/ic_covid_medical_waypoint_alert_night_32pt@2x.png ... 
2026-06-22 13:28:49 +0000  825 bytes for ./GoogleMapsResources.bundle/GoogleMaps.bundle/GMSCoreResources.bundle/ic_covid_medical_waypoint_alert_night_32pt@2x.png
2026-06-22 13:28:49 +0000  copying file ./GoogleMapsResources.bundle/GoogleMaps.bundle/GMSCoreResources.bundle/measle_U@3x.png ... 
2026-06-22 13:28:49 +0000  4120 bytes for ./GoogleMapsResources.bundle/GoogleMaps.bundle/GMSCoreResources.bundle/measle_U@3x.png
2026-06-22 13:28:49 +0000  copying file ./GoogleMapsResources.bundle/GoogleMaps.bundle/GMSCoreResources.bundle/measle_Y@3x.png ... 
2026-06-22 13:28:49 +0000  4118 bytes for ./GoogleMapsResources.bundle/GoogleMaps.bundle/GMSCoreResources.bundle/measle_Y@3x.png
2026-06-22 13:28:49 +0000  copying file ./GoogleMapsResources.bundle/GoogleMaps.bundle/GMSCoreResources.bundle/button_compass_night@2x.png ... 
2026-06-22 13:28:49 +0000  2221 bytes for ./GoogleMapsResources.bundle/GoogleMaps.bundle/GMSCoreResources.bundle/button_compass_night@2x.png
2026-06-22 13:28:49 +0000  copying file ./GoogleMapsResources.bundle/GoogleMaps.bundle/GMSCoreResources.bundle/button_compass@2x.png ... 
2026-06-22 13:28:49 +0000  2560 bytes for ./GoogleMapsResources.bundle/GoogleMaps.bundle/GMSCoreResources.bundle/button_compass@2x.png
2026-06-22 13:28:49 +0000  copying file ./GoogleMapsResources.bundle/GoogleMaps.bundle/GMSCoreResources.bundle/measle_O@2x.png ... 
2026-06-22 13:28:49 +0000  2222 bytes for ./GoogleMapsResources.bundle/GoogleMaps.bundle/GMSCoreResources.bundle/measle_O@2x.png
2026-06-22 13:28:49 +0000  copying file ./GoogleMapsResources.bundle/GoogleMaps.bundle/GMSCoreResources.bundle/measle_blank@2x.png ... 
2026-06-22 13:28:49 +0000  1575 bytes for ./GoogleMapsResources.bundle/GoogleMaps.bundle/GMSCoreResources.bundle/measle_blank@2x.png
2026-06-22 13:28:49 +0000  copying file ./GoogleMapsResources.bundle/GoogleMaps.bundle/GMSCoreResources.bundle/measle_A@3x.png ... 
2026-06-22 13:28:49 +0000  4214 bytes for ./GoogleMapsResources.bundle/GoogleMaps.bundle/GMSCoreResources.bundle/measle_A@3x.png
2026-06-22 13:28:49 +0000  copying file ./GoogleMapsResources.bundle/GoogleMaps.bundle/GMSCoreResources.bundle/hr.lproj/GMSCore.strings ... 
2026-06-22 13:28:49 +0000  4644 bytes for ./GoogleMapsResources.bundle/GoogleMaps.bundle/GMSCoreResources.bundle/hr.lproj/GMSCore.strings
2026-06-22 13:28:49 +0000  copying file ./GoogleMapsResources.bundle/GoogleMaps.bundle/GMSCoreResources.bundle/hi.lproj/GMSCore.strings ... 
2026-06-22 13:28:49 +0000  5900 bytes for ./GoogleMapsResources.bundle/GoogleMaps.bundle/GMSCoreResources.bundle/hi.lproj/GMSCore.strings
2026-06-22 13:28:49 +0000  copying file ./GoogleMapsResources.bundle/GoogleMaps.bundle/GMSCoreResources.bundle/measle_W@2x.png ... 
2026-06-22 13:28:49 +0000  2298 bytes for ./GoogleMapsResources.bundle/GoogleMaps.bundle/GMSCoreResources.bundle/measle_W@2x.png
2026-06-22 13:28:49 +0000  copying file ./GoogleMapsResources.bundle/GoogleMaps.bundle/GMSCoreResources.bundle/ca.lproj/GMSCore.strings ... 
2026-06-22 13:28:49 +0000  4927 bytes for ./GoogleMapsResources.bundle/GoogleMaps.bundle/GMSCoreResources.bundle/ca.lproj/GMSCore.strings
2026-06-22 13:28:49 +0000  copying file ./GoogleMapsResources.bundle/GoogleMaps.bundle/GMSCoreResources.bundle/ic_compass_needle_32pt@3x.png ... 
2026-06-22 13:28:49 +0000  1962 bytes for ./GoogleMapsResources.bundle/GoogleMaps.bundle/GMSCoreResources.bundle/ic_compass_needle_32pt@3x.png
2026-06-22 13:28:49 +0000  copying file ./GoogleMapsResources.bundle/GoogleMaps.bundle/GMSCoreResources.bundle/measle_M@3x.png ... 
2026-06-22 13:28:49 +0000  4281 bytes for ./GoogleMapsResources.bundle/GoogleMaps.bundle/GMSCoreResources.bundle/measle_M@3x.png
2026-06-22 13:28:49 +0000  copying file ./GoogleMapsResources.bundle/GoogleMaps.bundle/GMSCoreResources.bundle/ic_covid_checkpoint_waypoint_alert_night_32pt@2x.png ... 
2026-06-22 13:28:49 +0000  1380 bytes for ./GoogleMapsResources.bundle/GoogleMaps.bundle/GMSCoreResources.bundle/ic_covid_checkpoint_waypoint_alert_night_32pt@2x.png
2026-06-22 13:28:49 +0000  copying file ./GoogleMapsResources.bundle/GoogleMaps.bundle/GMSCoreResources.bundle/measle_O.png ... 
2026-06-22 13:28:49 +0000  857 bytes for ./GoogleMapsResources.bundle/GoogleMaps.bundle/GMSCoreResources.bundle/measle_O.png
2026-06-22 13:28:49 +0000  copying file ./GoogleMapsResources.bundle/GoogleMaps.bundle/GMSCoreResources.bundle/measle_X.png ... 
2026-06-22 13:28:49 +0000  849 bytes for ./GoogleMapsResources.bundle/GoogleMaps.bundle/GMSCoreResources.bundle/measle_X.png
2026-06-22 13:28:49 +0000  copying file ./GoogleMapsResources.bundle/GoogleMaps.bundle/ic_error@3x.png ... 
2026-06-22 13:28:49 +0000  743 bytes for ./GoogleMapsResources.bundle/GoogleMaps.bundle/ic_error@3x.png
2026-06-22 13:28:49 +0000  copying file ./GoogleMapsResources.bundle/GoogleMaps.bundle/oss_licenses_maps.txt.gz ... 
2026-06-22 13:28:49 +0000  168798 bytes for ./GoogleMapsResources.bundle/GoogleMaps.bundle/oss_licenses_maps.txt.gz
2026-06-22 13:28:49 +0000  copying file ./GoogleMapsResources.bundle/GoogleMaps.bundle/Assets.car ... 
2026-06-22 13:28:49 +0000  44191 bytes for ./GoogleMapsResources.bundle/GoogleMaps.bundle/Assets.car
2026-06-22 13:28:49 +0000  copying file ./GoogleMapsResources.bundle/GoogleMaps.bundle/bubble_right.png ... 
2026-06-22 13:28:49 +0000  455 bytes for ./GoogleMapsResources.bundle/GoogleMaps.bundle/bubble_right.png
2026-06-22 13:28:49 +0000  copying file ./GoogleMapsResources.bundle/GoogleMaps.bundle/PrivacyInfo.xcprivacy ... 
2026-06-22 13:28:49 +0000  3171 bytes for ./GoogleMapsResources.bundle/GoogleMaps.bundle/PrivacyInfo.xcprivacy
2026-06-22 13:28:49 +0000  copying file ./GoogleMapsResources.bundle/GoogleMaps.bundle/ic_error@2x.png ... 
2026-06-22 13:28:49 +0000  454 bytes for ./GoogleMapsResources.bundle/GoogleMaps.bundle/ic_error@2x.png
2026-06-22 13:28:49 +0000  copying file ./GoogleMapsResources.bundle/GoogleMaps.bundle/GMSCacheStorage.momd/Storage.mom ... 
2026-06-22 13:28:49 +0000  4696 bytes for ./GoogleMapsResources.bundle/GoogleMaps.bundle/GMSCacheStorage.momd/Storage.mom
2026-06-22 13:28:49 +0000  copying file ./GoogleMapsResources.bundle/GoogleMaps.bundle/GMSCacheStorage.momd/VersionInfo.plist ... 
2026-06-22 13:28:49 +0000  1461 bytes for ./GoogleMapsResources.bundle/GoogleMaps.bundle/GMSCacheStorage.momd/VersionInfo.plist
2026-06-22 13:28:49 +0000  copying file ./GoogleMapsResources.bundle/GoogleMaps.bundle/GMSCacheStorage.momd/StorageWithTileProto.mom ... 
2026-06-22 13:28:49 +0000  5292 bytes for ./GoogleMapsResources.bundle/GoogleMaps.bundle/GMSCacheStorage.momd/StorageWithTileProto.mom
2026-06-22 13:28:49 +0000  copying file ./GoogleMapsResources.bundle/GoogleMaps.bundle/GMSCacheStorage.momd/StorageWithTileVersionID.mom ... 
2026-06-22 13:28:49 +0000  4802 bytes for ./GoogleMapsResources.bundle/GoogleMaps.bundle/GMSCacheStorage.momd/StorageWithTileVersionID.mom
2026-06-22 13:28:49 +0000  copying file ./GoogleMapsResources.bundle/GoogleMaps.bundle/Info.plist ... 
2026-06-22 13:28:49 +0000  363 bytes for ./GoogleMapsResources.bundle/GoogleMaps.bundle/Info.plist
2026-06-22 13:28:49 +0000  copying file ./GoogleMapsResources.bundle/Info.plist ... 
2026-06-22 13:28:49 +0000  786 bytes for ./GoogleMapsResources.bundle/Info.plist
2026-06-22 13:28:49 +0000  copying file ./TruckMaster ... 
2026-06-22 13:28:49 +0000  11961488 bytes for ./TruckMaster
2026-06-22 13:28:49 +0000  copying file ./Info.plist ... 
2026-06-22 13:28:49 +0000  1975 bytes for ./Info.plist
2026-06-22 13:28:49 +0000  copying file ./PkgInfo ... 
2026-06-22 13:28:49 +0000  8 bytes for ./PkgInfo
2026-06-22 13:28:49 +0000  /usr/bin/ditto exited with 0
2026-06-22 13:28:49 +0000  Processing step: IDEDistributionEmbedProfileStep
2026-06-22 13:28:49 +0000  Processing step: IDEDistributionInfoPlistStep
2026-06-22 13:28:49 +0000  Skipping step: IDEDistributionInfoPlistStep because it said so
2026-06-22 13:28:49 +0000  Processing step: IDEDistributionAppThinningPlistStep
2026-06-22 13:28:49 +0000  Skipping step: IDEDistributionAppThinningPlistStep because it said so
2026-06-22 13:28:49 +0000  Processing step: IDEDistributionSymbolsStep
2026-06-22 13:28:49 +0000  Skipping step: IDEDistributionSymbolsStep because it said so
2026-06-22 13:28:49 +0000  Processing step: IDEDistributionAppThinningStep
2026-06-22 13:28:49 +0000  Skipping step: IDEDistributionAppThinningStep because it said so
2026-06-22 13:28:49 +0000  Processing step: IDEDistributionArchThinningStep
2026-06-22 13:28:49 +0000  Archs to thin for item /Users/apple/Library/Developer/Xcode/Archives/2026-06-22/TruckMaster 22-06-26, 6.58 PM.xcarchive/Products/Applications/TruckMaster.app are []
2026-06-22 13:28:49 +0000  Processing step: IDEDistributionODRStep
2026-06-22 13:28:49 +0000  Processing step: IDEDistributionStripXattrsStep
2026-06-22 13:28:49 +0000  Skipping stripping extended attributes because the codesign step will strip them.
2026-06-22 13:28:49 +0000  Processing step: IDEDistributionCodesignStep
2026-06-22 13:28:49 +0000  Entitlements for <IDEDistributionItem: 0x72d65b780; bundleID='com.app.truckmaster', path='<DVTFilePath:0x72d95a220:'/Users/apple/Library/Developer/Xcode/Archives/2026-06-22/TruckMaster 22-06-26, 6.58 PM.xcarchive/Products/Applications/TruckMaster.app'>', codeSigningInfo='<_DVTCodeSigningInformation_Path: 0x72d6593e0; isSigned='1', isAdHocSigned='0', signingCertificate='<DVTSigningCertificate: 0x72da600c0; name='Apple Development: Ricardo Cumberbatch (VR9NZXSK6F)', hash='5FDAA7E37DE7D2A12DAD3A0D4DC1B2033FAD666C', serialNumber='63231F692E69B101E03FF756789BC668', certificateKinds='(
    "1.2.840.113635.100.6.1.12",
    "1.2.840.113635.100.6.1.2"
), issueDate='2026-03-02 05:51:48 +0000''>', entitlements='{
    "application-identifier" = "CWF9Z95X55.com.app.truckmaster";
    "com.apple.developer.team-identifier" = CWF9Z95X55;
    "get-task-allow" = 1;
}', teamID='CWF9Z95X55', identifier='com.app.truckmaster', executablePath='<DVTFilePath:0x72f3931e0:'/Users/apple/Library/Developer/Xcode/Archives/2026-06-22/TruckMaster 22-06-26, 6.58 PM.xcarchive/Products/Applications/TruckMaster.app/TruckMaster'>', hardenedRuntime='0'>'>: {
    "application-identifier" = "CWF9Z95X55.com.app.truckmaster";
    "com.apple.developer.team-identifier" = CWF9Z95X55;
    "get-task-allow" = 1;
}
2026-06-22 13:28:49 +0000  Associated App Clip Identifiers Filter: Skipping because "com.apple.developer.associated-appclip-app-identifiers" is not present
2026-06-22 13:28:49 +0000  Entitlements for <IDEDistributionItem: 0x72d65b780; bundleID='com.app.truckmaster', path='<DVTFilePath:0x72d95a220:'/Users/apple/Library/Developer/Xcode/Archives/2026-06-22/TruckMaster 22-06-26, 6.58 PM.xcarchive/Products/Applications/TruckMaster.app'>', codeSigningInfo='<_DVTCodeSigningInformation_Path: 0x72d6593e0; isSigned='1', isAdHocSigned='0', signingCertificate='<DVTSigningCertificate: 0x72da609c0; name='Apple Development: Ricardo Cumberbatch (VR9NZXSK6F)', hash='5FDAA7E37DE7D2A12DAD3A0D4DC1B2033FAD666C', serialNumber='63231F692E69B101E03FF756789BC668', certificateKinds='(
    "1.2.840.113635.100.6.1.12",
    "1.2.840.113635.100.6.1.2"
), issueDate='2026-03-02 05:51:48 +0000''>', entitlements='{
    "application-identifier" = "CWF9Z95X55.com.app.truckmaster";
    "com.apple.developer.team-identifier" = CWF9Z95X55;
    "get-task-allow" = 1;
}', teamID='CWF9Z95X55', identifier='com.app.truckmaster', executablePath='<DVTFilePath:0x72f3931e0:'/Users/apple/Library/Developer/Xcode/Archives/2026-06-22/TruckMaster 22-06-26, 6.58 PM.xcarchive/Products/Applications/TruckMaster.app/TruckMaster'>', hardenedRuntime='0'>'> are: {
    "application-identifier" = "CWF9Z95X55.com.app.truckmaster";
    "com.apple.developer.team-identifier" = CWF9Z95X55;
    "get-task-allow" = 1;
}
2026-06-22 13:28:49 +0000  Writing entitlements for <IDEDistributionItem: 0x72d65b780; bundleID='com.app.truckmaster', path='<DVTFilePath:0x72d95a220:'/Users/apple/Library/Developer/Xcode/Archives/2026-06-22/TruckMaster 22-06-26, 6.58 PM.xcarchive/Products/Applications/TruckMaster.app'>', codeSigningInfo='<_DVTCodeSigningInformation_Path: 0x72d6593e0; isSigned='1', isAdHocSigned='0', signingCertificate='<DVTSigningCertificate: 0x72da609c0; name='Apple Development: Ricardo Cumberbatch (VR9NZXSK6F)', hash='5FDAA7E37DE7D2A12DAD3A0D4DC1B2033FAD666C', serialNumber='63231F692E69B101E03FF756789BC668', certificateKinds='(
    "1.2.840.113635.100.6.1.12",
    "1.2.840.113635.100.6.1.2"
), issueDate='2026-03-02 05:51:48 +0000''>', entitlements='{
    "application-identifier" = "CWF9Z95X55.com.app.truckmaster";
    "com.apple.developer.team-identifier" = CWF9Z95X55;
    "get-task-allow" = 1;
}', teamID='CWF9Z95X55', identifier='com.app.truckmaster', executablePath='<DVTFilePath:0x72f3931e0:'/Users/apple/Library/Developer/Xcode/Archives/2026-06-22/TruckMaster 22-06-26, 6.58 PM.xcarchive/Products/Applications/TruckMaster.app/TruckMaster'>', hardenedRuntime='0'>'> to: /var/folders/nv/q9d1czw1113c1zp17nkhk_mr0000gn/T/XcodeDistPipeline.~~~16oDKX/entitlements~~~xGi5Tn
2026-06-22 13:28:49 +0000  invoking codesign: <NSConcreteTask: 0x73728e4e0; launchPath='/usr/bin/codesign', arguments='(
    "-f",
    "-s",
    5FDAA7E37DE7D2A12DAD3A0D4DC1B2033FAD666C,
    "--entitlements",
    "/var/folders/nv/q9d1czw1113c1zp17nkhk_mr0000gn/T/XcodeDistPipeline.~~~16oDKX/entitlements~~~xGi5Tn",
    "--preserve-metadata=identifier,flags,runtime,launch-constraints,library-constraints",
    "--generate-entitlement-der",
    "--strip-disallowed-xattrs",
    "-vvv",
    "/var/folders/nv/q9d1czw1113c1zp17nkhk_mr0000gn/T/XcodeDistPipeline.~~~16oDKX/Root/Payload/TruckMaster.app"
)'>
2026-06-22 13:28:49 +0000  codesign output: /var/folders/nv/q9d1czw1113c1zp17nkhk_mr0000gn/T/XcodeDistPipeline.~~~16oDKX/Root/Payload/TruckMaster.app: replacing existing signature
/var/folders/nv/q9d1czw1113c1zp17nkhk_mr0000gn/T/XcodeDistPipeline.~~~16oDKX/Root/Payload/TruckMaster.app: signed app bundle with Mach-O thin (arm64) [com.app.truckmaster]
2026-06-22 13:28:49 +0000  Processing step: IDEDistributionZipODRItemStep
2026-06-22 13:28:49 +0000  Skipping step: IDEDistributionZipODRItemStep because it said so
2026-06-22 13:28:49 +0000  Processing step: IDEDistributionCreateIPAStep
2026-06-22 13:28:49 +0000  Running /usr/bin/ditto '-V' '-c' '-k' '--norsrc' '/var/folders/nv/q9d1czw1113c1zp17nkhk_mr0000gn/T/XcodeDistPipeline.~~~16oDKX/Root' '/var/folders/nv/q9d1czw1113c1zp17nkhk_mr0000gn/T/XcodeDistPipeline.~~~16oDKX/Packages/TruckMaster.ipa'
2026-06-22 13:28:49 +0000  >>> Copying /var/folders/nv/q9d1czw1113c1zp17nkhk_mr0000gn/T/XcodeDistPipeline.~~~16oDKX/Root 
2026-06-22 13:28:49 +0000  copying file ./Payload/TruckMaster.app/_CodeSignature/CodeResources ... 
2026-06-22 13:28:49 +0000  96944 bytes for ./Payload/TruckMaster.app/_CodeSignature/CodeResources
2026-06-22 13:28:49 +0000  copying file ./Payload/TruckMaster.app/ar.lproj/Localizable.strings ... 
2026-06-22 13:28:49 +0000  7864 bytes for ./Payload/TruckMaster.app/ar.lproj/Localizable.strings
2026-06-22 13:28:49 +0000  copying file ./Payload/TruckMaster.app/en.lproj/Localizable.strings ... 
2026-06-22 13:28:49 +0000  6081 bytes for ./Payload/TruckMaster.app/en.lproj/Localizable.strings
2026-06-22 13:28:49 +0000  copying file ./Payload/TruckMaster.app/Livvic-Medium.ttf ... 
2026-06-22 13:28:49 +0000  103816 bytes for ./Payload/TruckMaster.app/Livvic-Medium.ttf
2026-06-22 13:28:49 +0000  copying file ./Payload/TruckMaster.app/Magra-Bold.ttf ... 
2026-06-22 13:28:49 +0000  40416 bytes for ./Payload/TruckMaster.app/Magra-Bold.ttf
2026-06-22 13:28:49 +0000  copying file ./Payload/TruckMaster.app/AppIcon60x60@2x.png ... 
2026-06-22 13:28:49 +0000  8523 bytes for ./Payload/TruckMaster.app/AppIcon60x60@2x.png
2026-06-22 13:28:49 +0000  copying file ./Payload/TruckMaster.app/Livvic-Bold.ttf ... 
2026-06-22 13:28:49 +0000  104288 bytes for ./Payload/TruckMaster.app/Livvic-Bold.ttf
2026-06-22 13:28:49 +0000  copying file ./Payload/TruckMaster.app/BebasNeue-Regular.ttf ... 
2026-06-22 13:28:49 +0000  57676 bytes for ./Payload/TruckMaster.app/BebasNeue-Regular.ttf
2026-06-22 13:28:49 +0000  copying file ./Payload/TruckMaster.app/Livvic-SemiBold.ttf ... 
2026-06-22 13:28:49 +0000  104008 bytes for ./Payload/TruckMaster.app/Livvic-SemiBold.ttf
2026-06-22 13:28:49 +0000  copying file ./Payload/TruckMaster.app/Assets.car ... 
2026-06-22 13:28:49 +0000  7613400 bytes for ./Payload/TruckMaster.app/Assets.car
2026-06-22 13:28:49 +0000  copying file ./Payload/TruckMaster.app/Magra-Regular.ttf ... 
2026-06-22 13:28:49 +0000  41344 bytes for ./Payload/TruckMaster.app/Magra-Regular.ttf
2026-06-22 13:28:49 +0000  copying file ./Payload/TruckMaster.app/AppIcon76x76@2x~ipad.png ... 
2026-06-22 13:28:49 +0000  12067 bytes for ./Payload/TruckMaster.app/AppIcon76x76@2x~ipad.png
2026-06-22 13:28:49 +0000  copying file ./Payload/TruckMaster.app/Livvic-Regular.ttf ... 
2026-06-22 13:28:49 +0000  103884 bytes for ./Payload/TruckMaster.app/Livvic-Regular.ttf
2026-06-22 13:28:49 +0000  copying file ./Payload/TruckMaster.app/Rubik-Regular.ttf ... 
2026-06-22 13:28:49 +0000  207628 bytes for ./Payload/TruckMaster.app/Rubik-Regular.ttf
2026-06-22 13:28:49 +0000  copying file ./Payload/TruckMaster.app/embedded.mobileprovision ... 
2026-06-22 13:28:49 +0000  33105 bytes for ./Payload/TruckMaster.app/embedded.mobileprovision
2026-06-22 13:28:49 +0000  copying file ./Payload/TruckMaster.app/GoogleMapsResources.bundle/GoogleMaps.bundle/bubble_left@3x.png ... 
2026-06-22 13:28:49 +0000  2386 bytes for ./Payload/TruckMaster.app/GoogleMapsResources.bundle/GoogleMaps.bundle/bubble_left@3x.png
2026-06-22 13:28:49 +0000  copying file ./Payload/TruckMaster.app/GoogleMapsResources.bundle/GoogleMaps.bundle/bubble_left.png ... 
2026-06-22 13:28:49 +0000  451 bytes for ./Payload/TruckMaster.app/GoogleMapsResources.bundle/GoogleMaps.bundle/bubble_left.png
2026-06-22 13:28:49 +0000  copying file ./Payload/TruckMaster.app/GoogleMapsResources.bundle/GoogleMaps.bundle/bubble_left@2x.png ... 
2026-06-22 13:28:49 +0000  1055 bytes for ./Payload/TruckMaster.app/GoogleMapsResources.bundle/GoogleMaps.bundle/bubble_left@2x.png
2026-06-22 13:28:49 +0000  copying file ./Payload/TruckMaster.app/GoogleMapsResources.bundle/GoogleMaps.bundle/bubble_right@3x.png ... 
2026-06-22 13:28:49 +0000  2374 bytes for ./Payload/TruckMaster.app/GoogleMapsResources.bundle/GoogleMaps.bundle/bubble_right@3x.png
2026-06-22 13:28:49 +0000  copying file ./Payload/TruckMaster.app/GoogleMapsResources.bundle/GoogleMaps.bundle/ic_error.png ... 
2026-06-22 13:28:49 +0000  236 bytes for ./Payload/TruckMaster.app/GoogleMapsResources.bundle/GoogleMaps.bundle/ic_error.png
2026-06-22 13:28:49 +0000  copying file ./Payload/TruckMaster.app/GoogleMapsResources.bundle/GoogleMaps.bundle/bubble_right@2x.png ... 
2026-06-22 13:28:49 +0000  1051 bytes for ./Payload/TruckMaster.app/GoogleMapsResources.bundle/GoogleMaps.bundle/bubble_right@2x.png
2026-06-22 13:28:49 +0000  copying file ./Payload/TruckMaster.app/GoogleMapsResources.bundle/GoogleMaps.bundle/GMSCoreResources.bundle/de.lproj/GMSCore.strings ... 
2026-06-22 13:28:49 +0000  5329 bytes for ./Payload/TruckMaster.app/GoogleMapsResources.bundle/GoogleMaps.bundle/GMSCoreResources.bundle/de.lproj/GMSCore.strings
2026-06-22 13:28:49 +0000  copying file ./Payload/TruckMaster.app/GoogleMapsResources.bundle/GoogleMaps.bundle/GMSCoreResources.bundle/measle_U.png ... 
2026-06-22 13:28:49 +0000  827 bytes for ./Payload/TruckMaster.app/GoogleMapsResources.bundle/GoogleMaps.bundle/GMSCoreResources.bundle/measle_U.png
2026-06-22 13:28:49 +0000  copying file ./Payload/TruckMaster.app/GoogleMapsResources.bundle/GoogleMaps.bundle/GMSCoreResources.bundle/measle_B.png ... 
2026-06-22 13:28:49 +0000  843 bytes for ./Payload/TruckMaster.app/GoogleMapsResources.bundle/GoogleMaps.bundle/GMSCoreResources.bundle/measle_B.png
2026-06-22 13:28:49 +0000  copying file ./Payload/TruckMaster.app/GoogleMapsResources.bundle/GoogleMaps.bundle/GMSCoreResources.bundle/measle_J@2x.png ... 
2026-06-22 13:28:49 +0000  2122 bytes for ./Payload/TruckMaster.app/GoogleMapsResources.bundle/GoogleMaps.bundle/GMSCoreResources.bundle/measle_J@2x.png
2026-06-22 13:28:49 +0000  copying file ./Payload/TruckMaster.app/GoogleMapsResources.bundle/GoogleMaps.bundle/GMSCoreResources.bundle/measle_P@3x.png ... 
2026-06-22 13:28:49 +0000  4118 bytes for ./Payload/TruckMaster.app/GoogleMapsResources.bundle/GoogleMaps.bundle/GMSCoreResources.bundle/measle_P@3x.png
2026-06-22 13:28:49 +0000  copying file ./Payload/TruckMaster.app/GoogleMapsResources.bundle/GoogleMaps.bundle/GMSCoreResources.bundle/he.lproj/GMSCore.strings ... 
2026-06-22 13:28:49 +0000  5817 bytes for ./Payload/TruckMaster.app/GoogleMapsResources.bundle/GoogleMaps.bundle/GMSCoreResources.bundle/he.lproj/GMSCore.strings
2026-06-22 13:28:49 +0000  copying file ./Payload/TruckMaster.app/GoogleMapsResources.bundle/GoogleMaps.bundle/GMSCoreResources.bundle/measle_F@2x.png ... 
2026-06-22 13:28:49 +0000  2072 bytes for ./Payload/TruckMaster.app/GoogleMapsResources.bundle/GoogleMaps.bundle/GMSCoreResources.bundle/measle_F@2x.png
2026-06-22 13:28:49 +0000  copying file ./Payload/TruckMaster.app/GoogleMapsResources.bundle/GoogleMaps.bundle/GMSCoreResources.bundle/en_AU.lproj/GMSCore.strings ... 
2026-06-22 13:28:49 +0000  4522 bytes for ./Payload/TruckMaster.app/GoogleMapsResources.bundle/GoogleMaps.bundle/GMSCoreResources.bundle/en_AU.lproj/GMSCore.strings
2026-06-22 13:28:49 +0000  copying file ./Payload/TruckMaster.app/GoogleMapsResources.bundle/GoogleMaps.bundle/GMSCoreResources.bundle/ic_covid_medical_waypoint_alert_32pt@2x.png ... 
2026-06-22 13:28:49 +0000  943 bytes for ./Payload/TruckMaster.app/GoogleMapsResources.bundle/GoogleMaps.bundle/GMSCoreResources.bundle/ic_covid_medical_waypoint_alert_32pt@2x.png
2026-06-22 13:28:49 +0000  copying file ./Payload/TruckMaster.app/GoogleMapsResources.bundle/GoogleMaps.bundle/GMSCoreResources.bundle/measle_H@3x.png ... 
2026-06-22 13:28:49 +0000  4012 bytes for ./Payload/TruckMaster.app/GoogleMapsResources.bundle/GoogleMaps.bundle/GMSCoreResources.bundle/measle_H@3x.png
2026-06-22 13:28:49 +0000  copying file ./Payload/TruckMaster.app/GoogleMapsResources.bundle/GoogleMaps.bundle/GMSCoreResources.bundle/ar.lproj/GMSCore.strings ... 
2026-06-22 13:28:49 +0000  5959 bytes for ./Payload/TruckMaster.app/GoogleMapsResources.bundle/GoogleMaps.bundle/GMSCoreResources.bundle/ar.lproj/GMSCore.strings
2026-06-22 13:28:49 +0000  copying file ./Payload/TruckMaster.app/GoogleMapsResources.bundle/GoogleMaps.bundle/GMSCoreResources.bundle/el.lproj/GMSCore.strings ... 
2026-06-22 13:28:49 +0000  6281 bytes for ./Payload/TruckMaster.app/GoogleMapsResources.bundle/GoogleMaps.bundle/GMSCoreResources.bundle/el.lproj/GMSCore.strings
2026-06-22 13:28:49 +0000  copying file ./Payload/TruckMaster.app/GoogleMapsResources.bundle/GoogleMaps.bundle/GMSCoreResources.bundle/ja.lproj/GMSCore.strings ... 
2026-06-22 13:28:49 +0000  4663 bytes for ./Payload/TruckMaster.app/GoogleMapsResources.bundle/GoogleMaps.bundle/GMSCoreResources.bundle/ja.lproj/GMSCore.strings
2026-06-22 13:28:49 +0000  copying file ./Payload/TruckMaster.app/GoogleMapsResources.bundle/GoogleMaps.bundle/GMSCoreResources.bundle/measle_R@2x.png ... 
2026-06-22 13:28:49 +0000  2164 bytes for ./Payload/TruckMaster.app/GoogleMapsResources.bundle/GoogleMaps.bundle/GMSCoreResources.bundle/measle_R@2x.png
2026-06-22 13:28:49 +0000  copying file ./Payload/TruckMaster.app/GoogleMapsResources.bundle/GoogleMaps.bundle/GMSCoreResources.bundle/measle_blank_tiny@2x.png ... 
2026-06-22 13:28:49 +0000  288 bytes for ./Payload/TruckMaster.app/GoogleMapsResources.bundle/GoogleMaps.bundle/GMSCoreResources.bundle/measle_blank_tiny@2x.png
2026-06-22 13:28:49 +0000  copying file ./Payload/TruckMaster.app/GoogleMapsResources.bundle/GoogleMaps.bundle/GMSCoreResources.bundle/measle_D@3x.png ... 
2026-06-22 13:28:49 +0000  4176 bytes for ./Payload/TruckMaster.app/GoogleMapsResources.bundle/GoogleMaps.bundle/GMSCoreResources.bundle/measle_D@3x.png
2026-06-22 13:28:49 +0000  copying file ./Payload/TruckMaster.app/GoogleMapsResources.bundle/GoogleMaps.bundle/GMSCoreResources.bundle/ic_covid_checkpoint_waypoint_alert_night_32pt.png ... 
2026-06-22 13:28:49 +0000  602 bytes for ./Payload/TruckMaster.app/GoogleMapsResources.bundle/GoogleMaps.bundle/GMSCoreResources.bundle/ic_covid_checkpoint_waypoint_alert_night_32pt.png
2026-06-22 13:28:49 +0000  copying file ./Payload/TruckMaster.app/GoogleMapsResources.bundle/GoogleMaps.bundle/GMSCoreResources.bundle/measle_C.png ... 
2026-06-22 13:28:49 +0000  844 bytes for ./Payload/TruckMaster.app/GoogleMapsResources.bundle/GoogleMaps.bundle/GMSCoreResources.bundle/measle_C.png
2026-06-22 13:28:49 +0000  copying file ./Payload/TruckMaster.app/GoogleMapsResources.bundle/GoogleMaps.bundle/GMSCoreResources.bundle/measle_T.png ... 
2026-06-22 13:28:49 +0000  796 bytes for ./Payload/TruckMaster.app/GoogleMapsResources.bundle/GoogleMaps.bundle/GMSCoreResources.bundle/measle_T.png
2026-06-22 13:28:49 +0000  copying file ./Payload/TruckMaster.app/GoogleMapsResources.bundle/GoogleMaps.bundle/GMSCoreResources.bundle/measle_V.png ... 
2026-06-22 13:28:49 +0000  853 bytes for ./Payload/TruckMaster.app/GoogleMapsResources.bundle/GoogleMaps.bundle/GMSCoreResources.bundle/measle_V.png
2026-06-22 13:28:49 +0000  copying file ./Payload/TruckMaster.app/GoogleMapsResources.bundle/GoogleMaps.bundle/GMSCoreResources.bundle/measle_A.png ... 
2026-06-22 13:28:49 +0000  838 bytes for ./Payload/TruckMaster.app/GoogleMapsResources.bundle/GoogleMaps.bundle/GMSCoreResources.bundle/measle_A.png
2026-06-22 13:28:49 +0000  copying file ./Payload/TruckMaster.app/GoogleMapsResources.bundle/GoogleMaps.bundle/GMSCoreResources.bundle/sq.lproj/GMSCore.strings ... 
2026-06-22 13:28:49 +0000  6080 bytes for ./Payload/TruckMaster.app/GoogleMapsResources.bundle/GoogleMaps.bundle/GMSCoreResources.bundle/sq.lproj/GMSCore.strings
2026-06-22 13:28:49 +0000  copying file ./Payload/TruckMaster.app/GoogleMapsResources.bundle/GoogleMaps.bundle/GMSCoreResources.bundle/GMSMapColors2NavNightModeSprites-0-1x.png ... 
2026-06-22 13:28:49 +0000  3298 bytes for ./Payload/TruckMaster.app/GoogleMapsResources.bundle/GoogleMaps.bundle/GMSCoreResources.bundle/GMSMapColors2NavNightModeSprites-0-1x.png
2026-06-22 13:28:49 +0000  copying file ./Payload/TruckMaster.app/GoogleMapsResources.bundle/GoogleMaps.bundle/GMSCoreResources.bundle/ic_qu_direction_mylocation@2x.png ... 
2026-06-22 13:28:49 +0000  663 bytes for ./Payload/TruckMaster.app/GoogleMapsResources.bundle/GoogleMaps.bundle/GMSCoreResources.bundle/ic_qu_direction_mylocation@2x.png
2026-06-22 13:28:49 +0000  copying file ./Payload/TruckMaster.app/GoogleMapsResources.bundle/GoogleMaps.bundle/GMSCoreResources.bundle/en.lproj/GMSCore.strings ... 
2026-06-22 13:28:49 +0000  4505 bytes for ./Payload/TruckMaster.app/GoogleMapsResources.bundle/GoogleMaps.bundle/GMSCoreResources.bundle/en.lproj/GMSCore.strings
2026-06-22 13:28:49 +0000  copying file ./Payload/TruckMaster.app/GoogleMapsResources.bundle/GoogleMaps.bundle/GMSCoreResources.bundle/ic_covid_border_waypoint_alert_32pt.png ... 
2026-06-22 13:28:49 +0000  422 bytes for ./Payload/TruckMaster.app/GoogleMapsResources.bundle/GoogleMaps.bundle/GMSCoreResources.bundle/ic_covid_border_waypoint_alert_32pt.png
2026-06-22 13:28:49 +0000  copying file ./Payload/TruckMaster.app/GoogleMapsResources.bundle/GoogleMaps.bundle/GMSCoreResources.bundle/uk.lproj/GMSCore.strings ... 
2026-06-22 13:28:49 +0000  6027 bytes for ./Payload/TruckMaster.app/GoogleMapsResources.bundle/GoogleMaps.bundle/GMSCoreResources.bundle/uk.lproj/GMSCore.strings
2026-06-22 13:28:49 +0000  copying file ./Payload/TruckMaster.app/GoogleMapsResources.bundle/GoogleMaps.bundle/GMSCoreResources.bundle/ic_qu_direction_mylocation.png ... 
2026-06-22 13:28:49 +0000  362 bytes for ./Payload/TruckMaster.app/GoogleMapsResources.bundle/GoogleMaps.bundle/GMSCoreResources.bundle/ic_qu_direction_mylocation.png
2026-06-22 13:28:49 +0000  copying file ./Payload/TruckMaster.app/GoogleMapsResources.bundle/GoogleMaps.bundle/GMSCoreResources.bundle/es_419.lproj/GMSCore.strings ... 
2026-06-22 13:28:49 +0000  5253 bytes for ./Payload/TruckMaster.app/GoogleMapsResources.bundle/GoogleMaps.bundle/GMSCoreResources.bundle/es_419.lproj/GMSCore.strings
2026-06-22 13:28:49 +0000  copying file ./Payload/TruckMaster.app/GoogleMapsResources.bundle/GoogleMaps.bundle/GMSCoreResources.bundle/GMSSprites-0-1x.png ... 
2026-06-22 13:28:49 +0000  18644 bytes for ./Payload/TruckMaster.app/GoogleMapsResources.bundle/GoogleMaps.bundle/GMSCoreResources.bundle/GMSSprites-0-1x.png
2026-06-22 13:28:49 +0000  copying file ./Payload/TruckMaster.app/GoogleMapsResources.bundle/GoogleMaps.bundle/GMSCoreResources.bundle/measle_W.png ... 
2026-06-22 13:28:49 +0000  879 bytes for ./Payload/TruckMaster.app/GoogleMapsResources.bundle/GoogleMaps.bundle/GMSCoreResources.bundle/measle_W.png
2026-06-22 13:28:49 +0000  copying file ./Payload/TruckMaster.app/GoogleMapsResources.bundle/GoogleMaps.bundle/GMSCoreResources.bundle/ic_compass_needle_large@2x.png ... 
2026-06-22 13:28:49 +0000  2446 bytes for ./Payload/TruckMaster.app/GoogleMapsResources.bundle/GoogleMaps.bundle/GMSCoreResources.bundle/ic_compass_needle_large@2x.png
2026-06-22 13:28:49 +0000  copying file ./Payload/TruckMaster.app/GoogleMapsResources.bundle/GoogleMaps.bundle/GMSCoreResources.bundle/measle_D.png ... 
2026-06-22 13:28:49 +0000  840 bytes for ./Payload/TruckMaster.app/GoogleMapsResources.bundle/GoogleMaps.bundle/GMSCoreResources.bundle/measle_D.png
2026-06-22 13:28:49 +0000  copying file ./Payload/TruckMaster.app/GoogleMapsResources.bundle/GoogleMaps.bundle/GMSCoreResources.bundle/measle_S.png ... 
2026-06-22 13:28:49 +0000  865 bytes for ./Payload/TruckMaster.app/GoogleMapsResources.bundle/GoogleMaps.bundle/GMSCoreResources.bundle/measle_S.png
2026-06-22 13:28:49 +0000  copying file ./Payload/TruckMaster.app/GoogleMapsResources.bundle/GoogleMaps.bundle/GMSCoreResources.bundle/ic_compass_needle_large@3x.png ... 
2026-06-22 13:28:49 +0000  3304 bytes for ./Payload/TruckMaster.app/GoogleMapsResources.bundle/GoogleMaps.bundle/GMSCoreResources.bundle/ic_compass_needle_large@3x.png
2026-06-22 13:28:49 +0000  copying file ./Payload/TruckMaster.app/GoogleMapsResources.bundle/GoogleMaps.bundle/GMSCoreResources.bundle/es_MX.lproj/GMSCore.strings ... 
2026-06-22 13:28:49 +0000  5253 bytes for ./Payload/TruckMaster.app/GoogleMapsResources.bundle/GoogleMaps.bundle/GMSCoreResources.bundle/es_MX.lproj/GMSCore.strings
2026-06-22 13:28:49 +0000  copying file ./Payload/TruckMaster.app/GoogleMapsResources.bundle/GoogleMaps.bundle/GMSCoreResources.bundle/ic_compass_needle_large.png ... 
2026-06-22 13:28:49 +0000  1114 bytes for ./Payload/TruckMaster.app/GoogleMapsResources.bundle/GoogleMaps.bundle/GMSCoreResources.bundle/ic_compass_needle_large.png
2026-06-22 13:28:49 +0000  copying file ./Payload/TruckMaster.app/GoogleMapsResources.bundle/GoogleMaps.bundle/GMSCoreResources.bundle/zh_CN.lproj/GMSCore.strings ... 
2026-06-22 13:28:49 +0000  4901 bytes for ./Payload/TruckMaster.app/GoogleMapsResources.bundle/GoogleMaps.bundle/GMSCoreResources.bundle/zh_CN.lproj/GMSCore.strings
2026-06-22 13:28:49 +0000  copying file ./Payload/TruckMaster.app/GoogleMapsResources.bundle/GoogleMaps.bundle/GMSCoreResources.bundle/ic_qu_direction_mylocation@3x.png ... 
2026-06-22 13:28:49 +0000  1240 bytes for ./Payload/TruckMaster.app/GoogleMapsResources.bundle/GoogleMaps.bundle/GMSCoreResources.bundle/ic_qu_direction_mylocation@3x.png
2026-06-22 13:28:49 +0000  copying file ./Payload/TruckMaster.app/GoogleMapsResources.bundle/GoogleMaps.bundle/GMSCoreResources.bundle/DroidSansMerged-Regular.ttf ... 
2026-06-22 13:28:49 +0000  392092 bytes for ./Payload/TruckMaster.app/GoogleMapsResources.bundle/GoogleMaps.bundle/GMSCoreResources.bundle/DroidSansMerged-Regular.ttf
2026-06-22 13:28:49 +0000  copying file ./Payload/TruckMaster.app/GoogleMapsResources.bundle/GoogleMaps.bundle/GMSCoreResources.bundle/nb.lproj/GMSCore.strings ... 
2026-06-22 13:28:49 +0000  5114 bytes for ./Payload/TruckMaster.app/GoogleMapsResources.bundle/GoogleMaps.bundle/GMSCoreResources.bundle/nb.lproj/GMSCore.strings
2026-06-22 13:28:49 +0000  copying file ./Payload/TruckMaster.app/GoogleMapsResources.bundle/GoogleMaps.bundle/GMSCoreResources.bundle/measle_R.png ... 
2026-06-22 13:28:49 +0000  840 bytes for ./Payload/TruckMaster.app/GoogleMapsResources.bundle/GoogleMaps.bundle/GMSCoreResources.bundle/measle_R.png
2026-06-22 13:28:49 +0000  copying file ./Payload/TruckMaster.app/GoogleMapsResources.bundle/GoogleMaps.bundle/GMSCoreResources.bundle/measle_E.png ... 
2026-06-22 13:28:49 +0000  810 bytes for ./Payload/TruckMaster.app/GoogleMapsResources.bundle/GoogleMaps.bundle/GMSCoreResources.bundle/measle_E.png
2026-06-22 13:28:49 +0000  copying file ./Payload/TruckMaster.app/GoogleMapsResources.bundle/GoogleMaps.bundle/GMSCoreResources.bundle/measle_G.png ... 
2026-06-22 13:28:49 +0000  868 bytes for ./Payload/TruckMaster.app/GoogleMapsResources.bundle/GoogleMaps.bundle/GMSCoreResources.bundle/measle_G.png
2026-06-22 13:28:49 +0000  copying file ./Payload/TruckMaster.app/GoogleMapsResources.bundle/GoogleMaps.bundle/GMSCoreResources.bundle/measle_P.png ... 
2026-06-22 13:28:49 +0000  828 bytes for ./Payload/TruckMaster.app/GoogleMapsResources.bundle/GoogleMaps.bundle/GMSCoreResources.bundle/measle_P.png
2026-06-22 13:28:49 +0000  copying file ./Payload/TruckMaster.app/GoogleMapsResources.bundle/GoogleMaps.bundle/GMSCoreResources.bundle/measle_D@2x.png ... 
2026-06-22 13:28:49 +0000  2160 bytes for ./Payload/TruckMaster.app/GoogleMapsResources.bundle/GoogleMaps.bundle/GMSCoreResources.bundle/measle_D@2x.png
2026-06-22 13:28:49 +0000  copying file ./Payload/TruckMaster.app/GoogleMapsResources.bundle/GoogleMaps.bundle/GMSCoreResources.bundle/es.lproj/GMSCore.strings ... 
2026-06-22 13:28:49 +0000  5262 bytes for ./Payload/TruckMaster.app/GoogleMapsResources.bundle/GoogleMaps.bundle/GMSCoreResources.bundle/es.lproj/GMSCore.strings
2026-06-22 13:28:49 +0000  copying file ./Payload/TruckMaster.app/GoogleMapsResources.bundle/GoogleMaps.bundle/GMSCoreResources.bundle/measle_blank_tiny@3x.png ... 
2026-06-22 13:28:49 +0000  375 bytes for ./Payload/TruckMaster.app/GoogleMapsResources.bundle/GoogleMaps.bundle/GMSCoreResources.bundle/measle_blank_tiny@3x.png
2026-06-22 13:28:49 +0000  copying file ./Payload/TruckMaster.app/GoogleMapsResources.bundle/GoogleMaps.bundle/GMSCoreResources.bundle/measle_R@3x.png ... 
2026-06-22 13:28:49 +0000  4165 bytes for ./Payload/TruckMaster.app/GoogleMapsResources.bundle/GoogleMaps.bundle/GMSCoreResources.bundle/measle_R@3x.png
2026-06-22 13:28:49 +0000  copying file ./Payload/TruckMaster.app/GoogleMapsResources.bundle/GoogleMaps.bundle/GMSCoreResources.bundle/sw.lproj/GMSCore.strings ... 
2026-06-22 13:28:49 +0000  4847 bytes for ./Payload/TruckMaster.app/GoogleMapsResources.bundle/GoogleMaps.bundle/GMSCoreResources.bundle/sw.lproj/GMSCore.strings
2026-06-22 13:28:49 +0000  copying file ./Payload/TruckMaster.app/GoogleMapsResources.bundle/GoogleMaps.bundle/GMSCoreResources.bundle/ic_covid_medical_waypoint_alert_32pt@3x.png ... 
2026-06-22 13:28:49 +0000  1203 bytes for ./Payload/TruckMaster.app/GoogleMapsResources.bundle/GoogleMaps.bundle/GMSCoreResources.bundle/ic_covid_medical_waypoint_alert_32pt@3x.png
2026-06-22 13:28:49 +0000  copying file ./Payload/TruckMaster.app/GoogleMapsResources.bundle/GoogleMaps.bundle/GMSCoreResources.bundle/measle_H@2x.png ... 
2026-06-22 13:28:49 +0000  2068 bytes for ./Payload/TruckMaster.app/GoogleMapsResources.bundle/GoogleMaps.bundle/GMSCoreResources.bundle/measle_H@2x.png
2026-06-22 13:28:49 +0000  copying file ./Payload/TruckMaster.app/GoogleMapsResources.bundle/GoogleMaps.bundle/GMSCoreResources.bundle/measle_F@3x.png ... 
2026-06-22 13:28:49 +0000  4010 bytes for ./Payload/TruckMaster.app/GoogleMapsResources.bundle/GoogleMaps.bundle/GMSCoreResources.bundle/measle_F@3x.png
2026-06-22 13:28:49 +0000  copying file ./Payload/TruckMaster.app/GoogleMapsResources.bundle/GoogleMaps.bundle/GMSCoreResources.bundle/pt_BR.lproj/GMSCore.strings ... 
2026-06-22 13:28:49 +0000  5444 bytes for ./Payload/TruckMaster.app/GoogleMapsResources.bundle/GoogleMaps.bundle/GMSCoreResources.bundle/pt_BR.lproj/GMSCore.strings
2026-06-22 13:28:49 +0000  copying file ./Payload/TruckMaster.app/GoogleMapsResources.bundle/GoogleMaps.bundle/GMSCoreResources.bundle/measle_P@2x.png ... 
2026-06-22 13:28:49 +0000  2144 bytes for ./Payload/TruckMaster.app/GoogleMapsResources.bundle/GoogleMaps.bundle/GMSCoreResources.bundle/measle_P@2x.png
2026-06-22 13:28:49 +0000  copying file ./Payload/TruckMaster.app/GoogleMapsResources.bundle/GoogleMaps.bundle/GMSCoreResources.bundle/da.lproj/GMSCore.strings ... 
2026-06-22 13:28:49 +0000  5182 bytes for ./Payload/TruckMaster.app/GoogleMapsResources.bundle/GoogleMaps.bundle/GMSCoreResources.bundle/da.lproj/GMSCore.strings
2026-06-22 13:28:49 +0000  copying file ./Payload/TruckMaster.app/GoogleMapsResources.bundle/GoogleMaps.bundle/GMSCoreResources.bundle/measle_J@3x.png ... 
2026-06-22 13:28:49 +0000  4098 bytes for ./Payload/TruckMaster.app/GoogleMapsResources.bundle/GoogleMaps.bundle/GMSCoreResources.bundle/measle_J@3x.png
2026-06-22 13:28:49 +0000  copying file ./Payload/TruckMaster.app/GoogleMapsResources.bundle/GoogleMaps.bundle/GMSCoreResources.bundle/measle_Q.png ... 
2026-06-22 13:28:49 +0000  863 bytes for ./Payload/TruckMaster.app/GoogleMapsResources.bundle/GoogleMaps.bundle/GMSCoreResources.bundle/measle_Q.png
2026-06-22 13:28:49 +0000  copying file ./Payload/TruckMaster.app/GoogleMapsResources.bundle/GoogleMaps.bundle/GMSCoreResources.bundle/measle_F.png ... 
2026-06-22 13:28:49 +0000  813 bytes for ./Payload/TruckMaster.app/GoogleMapsResources.bundle/GoogleMaps.bundle/GMSCoreResources.bundle/measle_F.png
2026-06-22 13:28:49 +0000  copying file ./Payload/TruckMaster.app/GoogleMapsResources.bundle/GoogleMaps.bundle/GMSCoreResources.bundle/ic_location_off@3x.png ... 
2026-06-22 13:28:49 +0000  1577 bytes for ./Payload/TruckMaster.app/GoogleMapsResources.bundle/GoogleMaps.bundle/GMSCoreResources.bundle/ic_location_off@3x.png
2026-06-22 13:28:49 +0000  copying file ./Payload/TruckMaster.app/GoogleMapsResources.bundle/GoogleMaps.bundle/GMSCoreResources.bundle/measle_blank_tiny.png ... 
2026-06-22 13:28:49 +0000  261 bytes for ./Payload/TruckMaster.app/GoogleMapsResources.bundle/GoogleMaps.bundle/GMSCoreResources.bundle/measle_blank_tiny.png
2026-06-22 13:28:49 +0000  copying file ./Payload/TruckMaster.app/GoogleMapsResources.bundle/GoogleMaps.bundle/GMSCoreResources.bundle/it.lproj/GMSCore.strings ... 
2026-06-22 13:28:49 +0000  4605 bytes for ./Payload/TruckMaster.app/GoogleMapsResources.bundle/GoogleMaps.bundle/GMSCoreResources.bundle/it.lproj/GMSCore.strings
2026-06-22 13:28:49 +0000  copying file ./Payload/TruckMaster.app/GoogleMapsResources.bundle/GoogleMaps.bundle/GMSCoreResources.bundle/measle_blank_small@3x.png ... 
2026-06-22 13:28:49 +0000  884 bytes for ./Payload/TruckMaster.app/GoogleMapsResources.bundle/GoogleMaps.bundle/GMSCoreResources.bundle/measle_blank_small@3x.png
2026-06-22 13:28:49 +0000  copying file ./Payload/TruckMaster.app/GoogleMapsResources.bundle/GoogleMaps.bundle/GMSCoreResources.bundle/sk.lproj/GMSCore.strings ... 
2026-06-22 13:28:49 +0000  5345 bytes for ./Payload/TruckMaster.app/GoogleMapsResources.bundle/GoogleMaps.bundle/GMSCoreResources.bundle/sk.lproj/GMSCore.strings
2026-06-22 13:28:49 +0000  copying file ./Payload/TruckMaster.app/GoogleMapsResources.bundle/GoogleMaps.bundle/GMSCoreResources.bundle/GMSMapColors2NavSprites-0-2x.png ... 
2026-06-22 13:28:49 +0000  2273 bytes for ./Payload/TruckMaster.app/GoogleMapsResources.bundle/GoogleMaps.bundle/GMSCoreResources.bundle/GMSMapColors2NavSprites-0-2x.png
2026-06-22 13:28:49 +0000  copying file ./Payload/TruckMaster.app/GoogleMapsResources.bundle/GoogleMaps.bundle/GMSCoreResources.bundle/GMSNavSprites-0-3x.png ... 
2026-06-22 13:28:49 +0000  20924 bytes for ./Payload/TruckMaster.app/GoogleMapsResources.bundle/GoogleMaps.bundle/GMSCoreResources.bundle/GMSNavSprites-0-3x.png
2026-06-22 13:28:49 +0000  copying file ./Payload/TruckMaster.app/GoogleMapsResources.bundle/GoogleMaps.bundle/GMSCoreResources.bundle/pt_PT.lproj/GMSCore.strings ... 
2026-06-22 13:28:49 +0000  5149 bytes for ./Payload/TruckMaster.app/GoogleMapsResources.bundle/GoogleMaps.bundle/GMSCoreResources.bundle/pt_PT.lproj/GMSCore.strings
2026-06-22 13:28:49 +0000  copying file ./Payload/TruckMaster.app/GoogleMapsResources.bundle/GoogleMaps.bundle/GMSCoreResources.bundle/button_compass_night.png ... 
2026-06-22 13:28:49 +0000  720 bytes for ./Payload/TruckMaster.app/GoogleMapsResources.bundle/GoogleMaps.bundle/GMSCoreResources.bundle/button_compass_night.png
2026-06-22 13:28:49 +0000  copying file ./Payload/TruckMaster.app/GoogleMapsResources.bundle/GoogleMaps.bundle/GMSCoreResources.bundle/button_my_location.png ... 
2026-06-22 13:28:49 +0000  492 bytes for ./Payload/TruckMaster.app/GoogleMapsResources.bundle/GoogleMaps.bundle/GMSCoreResources.bundle/button_my_location.png
2026-06-22 13:28:49 +0000  copying file ./Payload/TruckMaster.app/GoogleMapsResources.bundle/GoogleMaps.bundle/GMSCoreResources.bundle/measle_X@2x.png ... 
2026-06-22 13:28:49 +0000  2199 bytes for ./Payload/TruckMaster.app/GoogleMapsResources.bundle/GoogleMaps.bundle/GMSCoreResources.bundle/measle_X@2x.png
2026-06-22 13:28:49 +0000  copying file ./Payload/TruckMaster.app/GoogleMapsResources.bundle/GoogleMaps.bundle/GMSCoreResources.bundle/road_16-4.png ... 
2026-06-22 13:28:49 +0000  127 bytes for ./Payload/TruckMaster.app/GoogleMapsResources.bundle/GoogleMaps.bundle/GMSCoreResources.bundle/road_16-4.png
2026-06-22 13:28:49 +0000  copying file ./Payload/TruckMaster.app/GoogleMapsResources.bundle/GoogleMaps.bundle/GMSCoreResources.bundle/measle_N@3x.png ... 
2026-06-22 13:28:49 +0000  4166 bytes for ./Payload/TruckMaster.app/GoogleMapsResources.bundle/GoogleMaps.bundle/GMSCoreResources.bundle/measle_N@3x.png
2026-06-22 13:28:49 +0000  copying file ./Payload/TruckMaster.app/GoogleMapsResources.bundle/GoogleMaps.bundle/GMSCoreResources.bundle/measle_B@3x.png ... 
2026-06-22 13:28:49 +0000  4187 bytes for ./Payload/TruckMaster.app/GoogleMapsResources.bundle/GoogleMaps.bundle/GMSCoreResources.bundle/measle_B@3x.png
2026-06-22 13:28:49 +0000  copying file ./Payload/TruckMaster.app/GoogleMapsResources.bundle/GoogleMaps.bundle/GMSCoreResources.bundle/GMSMapColors2Sprites-0-1x.png ... 
2026-06-22 13:28:49 +0000  4026 bytes for ./Payload/TruckMaster.app/GoogleMapsResources.bundle/GoogleMaps.bundle/GMSCoreResources.bundle/GMSMapColors2Sprites-0-1x.png
2026-06-22 13:28:49 +0000  copying file ./Payload/TruckMaster.app/GoogleMapsResources.bundle/GoogleMaps.bundle/GMSCoreResources.bundle/measle_T@2x.png ... 
2026-06-22 13:28:49 +0000  2066 bytes for ./Payload/TruckMaster.app/GoogleMapsResources.bundle/GoogleMaps.bundle/GMSCoreResources.bundle/measle_T@2x.png
2026-06-22 13:28:49 +0000  copying file ./Payload/TruckMaster.app/GoogleMapsResources.bundle/GoogleMaps.bundle/GMSCoreResources.bundle/sr.lproj/GMSCore.strings ... 
2026-06-22 13:28:49 +0000  5772 bytes for ./Payload/TruckMaster.app/GoogleMapsResources.bundle/GoogleMaps.bundle/GMSCoreResources.bundle/sr.lproj/GMSCore.strings
2026-06-22 13:28:49 +0000  copying file ./Payload/TruckMaster.app/GoogleMapsResources.bundle/GoogleMaps.bundle/GMSCoreResources.bundle/ms.lproj/GMSCore.strings ... 
2026-06-22 13:28:49 +0000  4747 bytes for ./Payload/TruckMaster.app/GoogleMapsResources.bundle/GoogleMaps.bundle/GMSCoreResources.bundle/ms.lproj/GMSCore.strings
2026-06-22 13:28:49 +0000  copying file ./Payload/TruckMaster.app/GoogleMapsResources.bundle/GoogleMaps.bundle/GMSCoreResources.bundle/road_256-64.png ... 
2026-06-22 13:28:49 +0000  1934 bytes for ./Payload/TruckMaster.app/GoogleMapsResources.bundle/GoogleMaps.bundle/GMSCoreResources.bundle/road_256-64.png
2026-06-22 13:28:49 +0000  copying file ./Payload/TruckMaster.app/GoogleMapsResources.bundle/GoogleMaps.bundle/GMSCoreResources.bundle/measle_L@2x.png ... 
2026-06-22 13:28:49 +0000  2056 bytes for ./Payload/TruckMaster.app/GoogleMapsResources.bundle/GoogleMaps.bundle/GMSCoreResources.bundle/measle_L@2x.png
2026-06-22 13:28:49 +0000  copying file ./Payload/TruckMaster.app/GoogleMapsResources.bundle/GoogleMaps.bundle/GMSCoreResources.bundle/measle_V@3x.png ... 
2026-06-22 13:28:49 +0000  4210 bytes for ./Payload/TruckMaster.app/GoogleMapsResources.bundle/GoogleMaps.bundle/GMSCoreResources.bundle/measle_V@3x.png
2026-06-22 13:28:49 +0000  copying file ./Payload/TruckMaster.app/GoogleMapsResources.bundle/GoogleMaps.bundle/GMSCoreResources.bundle/measle_V@2x.png ... 
2026-06-22 13:28:49 +0000  2209 bytes for ./Payload/TruckMaster.app/GoogleMapsResources.bundle/GoogleMaps.bundle/GMSCoreResources.bundle/measle_V@2x.png
2026-06-22 13:28:49 +0000  copying file ./Payload/TruckMaster.app/GoogleMapsResources.bundle/GoogleMaps.bundle/GMSCoreResources.bundle/button_compass.png ... 
2026-06-22 13:28:49 +0000  631 bytes for ./Payload/TruckMaster.app/GoogleMapsResources.bundle/GoogleMaps.bundle/GMSCoreResources.bundle/button_compass.png
2026-06-22 13:28:49 +0000  copying file ./Payload/TruckMaster.app/GoogleMapsResources.bundle/GoogleMaps.bundle/GMSCoreResources.bundle/sv.lproj/GMSCore.strings ... 
2026-06-22 13:28:49 +0000  5706 bytes for ./Payload/TruckMaster.app/GoogleMapsResources.bundle/GoogleMaps.bundle/GMSCoreResources.bundle/sv.lproj/GMSCore.strings
2026-06-22 13:28:49 +0000  copying file ./Payload/TruckMaster.app/GoogleMapsResources.bundle/GoogleMaps.bundle/GMSCoreResources.bundle/road_8-2.png ... 
2026-06-22 13:28:49 +0000  93 bytes for ./Payload/TruckMaster.app/GoogleMapsResources.bundle/GoogleMaps.bundle/GMSCoreResources.bundle/road_8-2.png
2026-06-22 13:28:49 +0000  copying file ./Payload/TruckMaster.app/GoogleMapsResources.bundle/GoogleMaps.bundle/GMSCoreResources.bundle/measle_L@3x.png ... 
2026-06-22 13:28:49 +0000  3994 bytes for ./Payload/TruckMaster.app/GoogleMapsResources.bundle/GoogleMaps.bundle/GMSCoreResources.bundle/measle_L@3x.png
2026-06-22 13:28:49 +0000  copying file ./Payload/TruckMaster.app/GoogleMapsResources.bundle/GoogleMaps.bundle/GMSCoreResources.bundle/ic_closed_place_waypoint_alert_32pt.png ... 
2026-06-22 13:28:49 +0000  494 bytes for ./Payload/TruckMaster.app/GoogleMapsResources.bundle/GoogleMaps.bundle/GMSCoreResources.bundle/ic_closed_place_waypoint_alert_32pt.png
2026-06-22 13:28:49 +0000  copying file ./Payload/TruckMaster.app/GoogleMapsResources.bundle/GoogleMaps.bundle/GMSCoreResources.bundle/measle_T@3x.png ... 
2026-06-22 13:28:49 +0000  4000 bytes for ./Payload/TruckMaster.app/GoogleMapsResources.bundle/GoogleMaps.bundle/GMSCoreResources.bundle/measle_T@3x.png
2026-06-22 13:28:49 +0000  copying file ./Payload/TruckMaster.app/GoogleMapsResources.bundle/GoogleMaps.bundle/GMSCoreResources.bundle/cs.lproj/GMSCore.strings ... 
2026-06-22 13:28:49 +0000  5541 bytes for ./Payload/TruckMaster.app/GoogleMapsResources.bundle/GoogleMaps.bundle/GMSCoreResources.bundle/cs.lproj/GMSCore.strings
2026-06-22 13:28:49 +0000  copying file ./Payload/TruckMaster.app/GoogleMapsResources.bundle/GoogleMaps.bundle/GMSCoreResources.bundle/measle_B@2x.png ... 
2026-06-22 13:28:49 +0000  2175 bytes for ./Payload/TruckMaster.app/GoogleMapsResources.bundle/GoogleMaps.bundle/GMSCoreResources.bundle/measle_B@2x.png
2026-06-22 13:28:49 +0000  copying file ./Payload/TruckMaster.app/GoogleMapsResources.bundle/GoogleMaps.bundle/GMSCoreResources.bundle/measle_N@2x.png ... 
2026-06-22 13:28:49 +0000  2156 bytes for ./Payload/TruckMaster.app/GoogleMapsResources.bundle/GoogleMaps.bundle/GMSCoreResources.bundle/measle_N@2x.png
2026-06-22 13:28:49 +0000  copying file ./Payload/TruckMaster.app/GoogleMapsResources.bundle/GoogleMaps.bundle/GMSCoreResources.bundle/button_background.png ... 
2026-06-22 13:28:49 +0000  334 bytes for ./Payload/TruckMaster.app/GoogleMapsResources.bundle/GoogleMaps.bundle/GMSCoreResources.bundle/button_background.png
2026-06-22 13:28:49 +0000  copying file ./Payload/TruckMaster.app/GoogleMapsResources.bundle/GoogleMaps.bundle/GMSCoreResources.bundle/measle_X@3x.png ... 
2026-06-22 13:28:49 +0000  4237 bytes for ./Payload/TruckMaster.app/GoogleMapsResources.bundle/GoogleMaps.bundle/GMSCoreResources.bundle/measle_X@3x.png
2026-06-22 13:28:49 +0000  copying file ./Payload/TruckMaster.app/GoogleMapsResources.bundle/GoogleMaps.bundle/GMSCoreResources.bundle/GMSNavNightModeSprites-0-1x.png ... 
2026-06-22 13:28:49 +0000  3393 bytes for ./Payload/TruckMaster.app/GoogleMapsResources.bundle/GoogleMaps.bundle/GMSCoreResources.bundle/GMSNavNightModeSprites-0-1x.png
2026-06-22 13:28:49 +0000  copying file ./Payload/TruckMaster.app/GoogleMapsResources.bundle/GoogleMaps.bundle/GMSCoreResources.bundle/button_my_location@2x.png ... 
2026-06-22 13:28:49 +0000  1229 bytes for ./Payload/TruckMaster.app/GoogleMapsResources.bundle/GoogleMaps.bundle/GMSCoreResources.bundle/button_my_location@2x.png
2026-06-22 13:28:49 +0000  copying file ./Payload/TruckMaster.app/GoogleMapsResources.bundle/GoogleMaps.bundle/GMSCoreResources.bundle/en_IN.lproj/GMSCore.strings ... 
2026-06-22 13:28:49 +0000  4522 bytes for ./Payload/TruckMaster.app/GoogleMapsResources.bundle/GoogleMaps.bundle/GMSCoreResources.bundle/en_IN.lproj/GMSCore.strings
2026-06-22 13:28:49 +0000  copying file ./Payload/TruckMaster.app/GoogleMapsResources.bundle/GoogleMaps.bundle/GMSCoreResources.bundle/ko.lproj/GMSCore.strings ... 
2026-06-22 13:28:49 +0000  4867 bytes for ./Payload/TruckMaster.app/GoogleMapsResources.bundle/GoogleMaps.bundle/GMSCoreResources.bundle/ko.lproj/GMSCore.strings
2026-06-22 13:28:49 +0000  copying file ./Payload/TruckMaster.app/GoogleMapsResources.bundle/GoogleMaps.bundle/GMSCoreResources.bundle/GMSNavSprites-0-2x.png ... 
2026-06-22 13:28:49 +0000  13321 bytes for ./Payload/TruckMaster.app/GoogleMapsResources.bundle/GoogleMaps.bundle/GMSCoreResources.bundle/GMSNavSprites-0-2x.png
2026-06-22 13:28:49 +0000  copying file ./Payload/TruckMaster.app/GoogleMapsResources.bundle/GoogleMaps.bundle/GMSCoreResources.bundle/hy.lproj/GMSCore.strings ... 
2026-06-22 13:28:49 +0000  5837 bytes for ./Payload/TruckMaster.app/GoogleMapsResources.bundle/GoogleMaps.bundle/GMSCoreResources.bundle/hy.lproj/GMSCore.strings
2026-06-22 13:28:49 +0000  copying file ./Payload/TruckMaster.app/GoogleMapsResources.bundle/GoogleMaps.bundle/GMSCoreResources.bundle/GMSMapColors2NavSprites-0-3x.png ... 
2026-06-22 13:28:49 +0000  3408 bytes for ./Payload/TruckMaster.app/GoogleMapsResources.bundle/GoogleMaps.bundle/GMSCoreResources.bundle/GMSMapColors2NavSprites-0-3x.png
2026-06-22 13:28:49 +0000  copying file ./Payload/TruckMaster.app/GoogleMapsResources.bundle/GoogleMaps.bundle/GMSCoreResources.bundle/measle_blank_small.png ... 
2026-06-22 13:28:49 +0000  252 bytes for ./Payload/TruckMaster.app/GoogleMapsResources.bundle/GoogleMaps.bundle/GMSCoreResources.bundle/measle_blank_small.png
2026-06-22 13:28:49 +0000  copying file ./Payload/TruckMaster.app/GoogleMapsResources.bundle/GoogleMaps.bundle/GMSCoreResources.bundle/measle_blank_small@2x.png ... 
2026-06-22 13:28:49 +0000  508 bytes for ./Payload/TruckMaster.app/GoogleMapsResources.bundle/GoogleMaps.bundle/GMSCoreResources.bundle/measle_blank_small@2x.png
2026-06-22 13:28:49 +0000  copying file ./Payload/TruckMaster.app/GoogleMapsResources.bundle/GoogleMaps.bundle/GMSCoreResources.bundle/ic_location_off@2x.png ... 
2026-06-22 13:28:49 +0000  860 bytes for ./Payload/TruckMaster.app/GoogleMapsResources.bundle/GoogleMaps.bundle/GMSCoreResources.bundle/ic_location_off@2x.png
2026-06-22 13:28:49 +0000  copying file ./Payload/TruckMaster.app/GoogleMapsResources.bundle/GoogleMaps.bundle/GMSCoreResources.bundle/my.lproj/GMSCore.strings ... 
2026-06-22 13:28:49 +0000  6580 bytes for ./Payload/TruckMaster.app/GoogleMapsResources.bundle/GoogleMaps.bundle/GMSCoreResources.bundle/my.lproj/GMSCore.strings
2026-06-22 13:28:49 +0000  copying file ./Payload/TruckMaster.app/GoogleMapsResources.bundle/GoogleMaps.bundle/GMSCoreResources.bundle/ic_covid_checkpoint_waypoint_alert_32pt@2x.png ... 
2026-06-22 13:28:49 +0000  1373 bytes for ./Payload/TruckMaster.app/GoogleMapsResources.bundle/GoogleMaps.bundle/GMSCoreResources.bundle/ic_covid_checkpoint_waypoint_alert_32pt@2x.png
2026-06-22 13:28:49 +0000  copying file ./Payload/TruckMaster.app/GoogleMapsResources.bundle/GoogleMaps.bundle/GMSCoreResources.bundle/GMSNavSprites-0-1x.png ... 
2026-06-22 13:28:49 +0000  5684 bytes for ./Payload/TruckMaster.app/GoogleMapsResources.bundle/GoogleMaps.bundle/GMSCoreResources.bundle/GMSNavSprites-0-1x.png
2026-06-22 13:28:49 +0000  copying file ./Payload/TruckMaster.app/GoogleMapsResources.bundle/GoogleMaps.bundle/GMSCoreResources.bundle/Tharlon-Regular.ttf ... 
2026-06-22 13:28:49 +0000  353228 bytes for ./Payload/TruckMaster.app/GoogleMapsResources.bundle/GoogleMaps.bundle/GMSCoreResources.bundle/Tharlon-Regular.ttf
2026-06-22 13:28:49 +0000  copying file ./Payload/TruckMaster.app/GoogleMapsResources.bundle/GoogleMaps.bundle/GMSCoreResources.bundle/hu.lproj/GMSCore.strings ... 
2026-06-22 13:28:49 +0000  4864 bytes for ./Payload/TruckMaster.app/GoogleMapsResources.bundle/GoogleMaps.bundle/GMSCoreResources.bundle/hu.lproj/GMSCore.strings
2026-06-22 13:28:49 +0000  copying file ./Payload/TruckMaster.app/GoogleMapsResources.bundle/GoogleMaps.bundle/GMSCoreResources.bundle/zh_HK.lproj/GMSCore.strings ... 
2026-06-22 13:28:49 +0000  4951 bytes for ./Payload/TruckMaster.app/GoogleMapsResources.bundle/GoogleMaps.bundle/GMSCoreResources.bundle/zh_HK.lproj/GMSCore.strings
2026-06-22 13:28:49 +0000  copying file ./Payload/TruckMaster.app/GoogleMapsResources.bundle/GoogleMaps.bundle/GMSCoreResources.bundle/road_4-1.png ... 
2026-06-22 13:28:49 +0000  74 bytes for ./Payload/TruckMaster.app/GoogleMapsResources.bundle/GoogleMaps.bundle/GMSCoreResources.bundle/road_4-1.png
2026-06-22 13:28:49 +0000  copying file ./Payload/TruckMaster.app/GoogleMapsResources.bundle/GoogleMaps.bundle/GMSCoreResources.bundle/ka.lproj/GMSCore.strings ... 
2026-06-22 13:28:49 +0000  5770 bytes for ./Payload/TruckMaster.app/GoogleMapsResources.bundle/GoogleMaps.bundle/GMSCoreResources.bundle/ka.lproj/GMSCore.strings
2026-06-22 13:28:49 +0000  copying file ./Payload/TruckMaster.app/GoogleMapsResources.bundle/GoogleMaps.bundle/GMSCoreResources.bundle/button_background@2x.png ... 
2026-06-22 13:28:49 +0000  433 bytes for ./Payload/TruckMaster.app/GoogleMapsResources.bundle/GoogleMaps.bundle/GMSCoreResources.bundle/button_background@2x.png
2026-06-22 13:28:49 +0000  copying file ./Payload/TruckMaster.app/GoogleMapsResources.bundle/GoogleMaps.bundle/GMSCoreResources.bundle/ic_compass_needle_32pt.png ... 
2026-06-22 13:28:49 +0000  742 bytes for ./Payload/TruckMaster.app/GoogleMapsResources.bundle/GoogleMaps.bundle/GMSCoreResources.bundle/ic_compass_needle_32pt.png
2026-06-22 13:28:49 +0000  copying file ./Payload/TruckMaster.app/GoogleMapsResources.bundle/GoogleMaps.bundle/GMSCoreResources.bundle/measle_I@3x.png ... 
2026-06-22 13:28:49 +0000  3977 bytes for ./Payload/TruckMaster.app/GoogleMapsResources.bundle/GoogleMaps.bundle/GMSCoreResources.bundle/measle_I@3x.png
2026-06-22 13:28:49 +0000  copying file ./Payload/TruckMaster.app/GoogleMapsResources.bundle/GoogleMaps.bundle/GMSCoreResources.bundle/measle_E@3x.png ... 
2026-06-22 13:28:49 +0000  4031 bytes for ./Payload/TruckMaster.app/GoogleMapsResources.bundle/GoogleMaps.bundle/GMSCoreResources.bundle/measle_E@3x.png
2026-06-22 13:28:49 +0000  copying file ./Payload/TruckMaster.app/GoogleMapsResources.bundle/GoogleMaps.bundle/GMSCoreResources.bundle/ic_compass_needle@2x.png ... 
2026-06-22 13:28:49 +0000  992 bytes for ./Payload/TruckMaster.app/GoogleMapsResources.bundle/GoogleMaps.bundle/GMSCoreResources.bundle/ic_compass_needle@2x.png
2026-06-22 13:28:49 +0000  copying file ./Payload/TruckMaster.app/GoogleMapsResources.bundle/GoogleMaps.bundle/GMSCoreResources.bundle/measle_S@2x.png ... 
2026-06-22 13:28:49 +0000  2222 bytes for ./Payload/TruckMaster.app/GoogleMapsResources.bundle/GoogleMaps.bundle/GMSCoreResources.bundle/measle_S@2x.png
2026-06-22 13:28:49 +0000  copying file ./Payload/TruckMaster.app/GoogleMapsResources.bundle/GoogleMaps.bundle/GMSCoreResources.bundle/Assets.car ... 
2026-06-22 13:28:49 +0000  48735 bytes for ./Payload/TruckMaster.app/GoogleMapsResources.bundle/GoogleMaps.bundle/GMSCoreResources.bundle/Assets.car
2026-06-22 13:28:49 +0000  copying file ./Payload/TruckMaster.app/GoogleMapsResources.bundle/GoogleMaps.bundle/GMSCoreResources.bundle/tr.lproj/GMSCore.strings ... 
2026-06-22 13:28:49 +0000  5357 bytes for ./Payload/TruckMaster.app/GoogleMapsResources.bundle/GoogleMaps.bundle/GMSCoreResources.bundle/tr.lproj/GMSCore.strings
2026-06-22 13:28:49 +0000  copying file ./Payload/TruckMaster.app/GoogleMapsResources.bundle/GoogleMaps.bundle/GMSCoreResources.bundle/GMSMapColors2Sprites-0-3x.png ... 
2026-06-22 13:28:49 +0000  13060 bytes for ./Payload/TruckMaster.app/GoogleMapsResources.bundle/GoogleMaps.bundle/GMSCoreResources.bundle/GMSMapColors2Sprites-0-3x.png
2026-06-22 13:28:49 +0000  copying file ./Payload/TruckMaster.app/GoogleMapsResources.bundle/GoogleMaps.bundle/GMSCoreResources.bundle/measle_K@2x.png ... 
2026-06-22 13:28:49 +0000  2166 bytes for ./Payload/TruckMaster.app/GoogleMapsResources.bundle/GoogleMaps.bundle/GMSCoreResources.bundle/measle_K@2x.png
2026-06-22 13:28:49 +0000  copying file ./Payload/TruckMaster.app/GoogleMapsResources.bundle/GoogleMaps.bundle/GMSCoreResources.bundle/pl.lproj/GMSCore.strings ... 
2026-06-22 13:28:49 +0000  5126 bytes for ./Payload/TruckMaster.app/GoogleMapsResources.bundle/GoogleMaps.bundle/GMSCoreResources.bundle/pl.lproj/GMSCore.strings
2026-06-22 13:28:49 +0000  copying file ./Payload/TruckMaster.app/GoogleMapsResources.bundle/GoogleMaps.bundle/GMSCoreResources.bundle/measle_dot.png ... 
2026-06-22 13:28:49 +0000  739 bytes for ./Payload/TruckMaster.app/GoogleMapsResources.bundle/GoogleMaps.bundle/GMSCoreResources.bundle/measle_dot.png
2026-06-22 13:28:49 +0000  copying file ./Payload/TruckMaster.app/GoogleMapsResources.bundle/GoogleMaps.bundle/GMSCoreResources.bundle/measle_G@2x.png ... 
2026-06-22 13:28:49 +0000  2214 bytes for ./Payload/TruckMaster.app/GoogleMapsResources.bundle/GoogleMaps.bundle/GMSCoreResources.bundle/measle_G@2x.png
2026-06-22 13:28:49 +0000  copying file ./Payload/TruckMaster.app/GoogleMapsResources.bundle/GoogleMaps.bundle/GMSCoreResources.bundle/measle_dot@2x.png ... 
2026-06-22 13:28:49 +0000  1622 bytes for ./Payload/TruckMaster.app/GoogleMapsResources.bundle/GoogleMaps.bundle/GMSCoreResources.bundle/measle_dot@2x.png
2026-06-22 13:28:49 +0000  copying file ./Payload/TruckMaster.app/GoogleMapsResources.bundle/GoogleMaps.bundle/GMSCoreResources.bundle/zh_TW.lproj/GMSCore.strings ... 
2026-06-22 13:28:49 +0000  4953 bytes for ./Payload/TruckMaster.app/GoogleMapsResources.bundle/GoogleMaps.bundle/GMSCoreResources.bundle/zh_TW.lproj/GMSCore.strings
2026-06-22 13:28:49 +0000  copying file ./Payload/TruckMaster.app/GoogleMapsResources.bundle/GoogleMaps.bundle/GMSCoreResources.bundle/ic_closed_place_waypoint_alert_32pt@3x.png ... 
2026-06-22 13:28:49 +0000  1643 bytes for ./Payload/TruckMaster.app/GoogleMapsResources.bundle/GoogleMaps.bundle/GMSCoreResources.bundle/ic_closed_place_waypoint_alert_32pt@3x.png
2026-06-22 13:28:49 +0000  copying file ./Payload/TruckMaster.app/GoogleMapsResources.bundle/GoogleMaps.bundle/GMSCoreResources.bundle/measle_Q@3x.png ... 
2026-06-22 13:28:49 +0000  4002 bytes for ./Payload/TruckMaster.app/GoogleMapsResources.bundle/GoogleMaps.bundle/GMSCoreResources.bundle/measle_Q@3x.png
2026-06-22 13:28:49 +0000  copying file ./Payload/TruckMaster.app/GoogleMapsResources.bundle/GoogleMaps.bundle/GMSCoreResources.bundle/GMSNavNightModeSprites-0-2x.png ... 
2026-06-22 13:28:49 +0000  7660 bytes for ./Payload/TruckMaster.app/GoogleMapsResources.bundle/GoogleMaps.bundle/GMSCoreResources.bundle/GMSNavNightModeSprites-0-2x.png
2026-06-22 13:28:49 +0000  copying file ./Payload/TruckMaster.app/GoogleMapsResources.bundle/GoogleMaps.bundle/GMSCoreResources.bundle/GMSNavNightModeSprites-0-3x.png ... 
2026-06-22 13:28:49 +0000  12519 bytes for ./Payload/TruckMaster.app/GoogleMapsResources.bundle/GoogleMaps.bundle/GMSCoreResources.bundle/GMSNavNightModeSprites-0-3x.png
2026-06-22 13:28:49 +0000  copying file ./Payload/TruckMaster.app/GoogleMapsResources.bundle/GoogleMaps.bundle/GMSCoreResources.bundle/measle_Q@2x.png ... 
2026-06-22 13:28:49 +0000  2233 bytes for ./Payload/TruckMaster.app/GoogleMapsResources.bundle/GoogleMaps.bundle/GMSCoreResources.bundle/measle_Q@2x.png
2026-06-22 13:28:49 +0000  copying file ./Payload/TruckMaster.app/GoogleMapsResources.bundle/GoogleMaps.bundle/GMSCoreResources.bundle/ic_closed_place_waypoint_alert_32pt@2x.png ... 
2026-06-22 13:28:49 +0000  1210 bytes for ./Payload/TruckMaster.app/GoogleMapsResources.bundle/GoogleMaps.bundle/GMSCoreResources.bundle/ic_closed_place_waypoint_alert_32pt@2x.png
2026-06-22 13:28:49 +0000  copying file ./Payload/TruckMaster.app/GoogleMapsResources.bundle/GoogleMaps.bundle/GMSCoreResources.bundle/en_GB.lproj/GMSCore.strings ... 
2026-06-22 13:28:49 +0000  4522 bytes for ./Payload/TruckMaster.app/GoogleMapsResources.bundle/GoogleMaps.bundle/GMSCoreResources.bundle/en_GB.lproj/GMSCore.strings
2026-06-22 13:28:49 +0000  copying file ./Payload/TruckMaster.app/GoogleMapsResources.bundle/GoogleMaps.bundle/GMSCoreResources.bundle/measle_G@3x.png ... 
2026-06-22 13:28:49 +0000  4244 bytes for ./Payload/TruckMaster.app/GoogleMapsResources.bundle/GoogleMaps.bundle/GMSCoreResources.bundle/measle_G@3x.png
2026-06-22 13:28:49 +0000  copying file ./Payload/TruckMaster.app/GoogleMapsResources.bundle/GoogleMaps.bundle/GMSCoreResources.bundle/measle_dot@3x.png ... 
2026-06-22 13:28:49 +0000  3288 bytes for ./Payload/TruckMaster.app/GoogleMapsResources.bundle/GoogleMaps.bundle/GMSCoreResources.bundle/measle_dot@3x.png
2026-06-22 13:28:49 +0000  copying file ./Payload/TruckMaster.app/GoogleMapsResources.bundle/GoogleMaps.bundle/GMSCoreResources.bundle/measle_K@3x.png ... 
2026-06-22 13:28:49 +0000  4192 bytes for ./Payload/TruckMaster.app/GoogleMapsResources.bundle/GoogleMaps.bundle/GMSCoreResources.bundle/measle_K@3x.png
2026-06-22 13:28:49 +0000  copying file ./Payload/TruckMaster.app/GoogleMapsResources.bundle/GoogleMaps.bundle/GMSCoreResources.bundle/GMSMapColors2Sprites-0-2x.png ... 
2026-06-22 13:28:49 +0000  8548 bytes for ./Payload/TruckMaster.app/GoogleMapsResources.bundle/GoogleMaps.bundle/GMSCoreResources.bundle/GMSMapColors2Sprites-0-2x.png
2026-06-22 13:28:49 +0000  copying file ./Payload/TruckMaster.app/GoogleMapsResources.bundle/GoogleMaps.bundle/GMSCoreResources.bundle/dav_one_way_16_256.png ... 
2026-06-22 13:28:49 +0000  315 bytes for ./Payload/TruckMaster.app/GoogleMapsResources.bundle/GoogleMaps.bundle/GMSCoreResources.bundle/dav_one_way_16_256.png
2026-06-22 13:28:49 +0000  copying file ./Payload/TruckMaster.app/GoogleMapsResources.bundle/GoogleMaps.bundle/GMSCoreResources.bundle/measle_S@3x.png ... 
2026-06-22 13:28:49 +0000  4290 bytes for ./Payload/TruckMaster.app/GoogleMapsResources.bundle/GoogleMaps.bundle/GMSCoreResources.bundle/measle_S@3x.png
2026-06-22 13:28:49 +0000  copying file ./Payload/TruckMaster.app/GoogleMapsResources.bundle/GoogleMaps.bundle/GMSCoreResources.bundle/road_2-1.png ... 
2026-06-22 13:28:49 +0000  84 bytes for ./Payload/TruckMaster.app/GoogleMapsResources.bundle/GoogleMaps.bundle/GMSCoreResources.bundle/road_2-1.png
2026-06-22 13:28:49 +0000  copying file ./Payload/TruckMaster.app/GoogleMapsResources.bundle/GoogleMaps.bundle/GMSCoreResources.bundle/measle_E@2x.png ... 
2026-06-22 13:28:49 +0000  2082 bytes for ./Payload/TruckMaster.app/GoogleMapsResources.bundle/GoogleMaps.bundle/GMSCoreResources.bundle/measle_E@2x.png
2026-06-22 13:28:49 +0000  copying file ./Payload/TruckMaster.app/GoogleMapsResources.bundle/GoogleMaps.bundle/GMSCoreResources.bundle/vi.lproj/GMSCore.strings ... 
2026-06-22 13:28:49 +0000  5963 bytes for ./Payload/TruckMaster.app/GoogleMapsResources.bundle/GoogleMaps.bundle/GMSCoreResources.bundle/vi.lproj/GMSCore.strings
2026-06-22 13:28:49 +0000  copying file ./Payload/TruckMaster.app/GoogleMapsResources.bundle/GoogleMaps.bundle/GMSCoreResources.bundle/measle_I@2x.png ... 
2026-06-22 13:28:49 +0000  2046 bytes for ./Payload/TruckMaster.app/GoogleMapsResources.bundle/GoogleMaps.bundle/GMSCoreResources.bundle/measle_I@2x.png
2026-06-22 13:28:49 +0000  copying file ./Payload/TruckMaster.app/GoogleMapsResources.bundle/GoogleMaps.bundle/GMSCoreResources.bundle/button_background@3x.png ... 
2026-06-22 13:28:49 +0000  515 bytes for ./Payload/TruckMaster.app/GoogleMapsResources.bundle/GoogleMaps.bundle/GMSCoreResources.bundle/button_background@3x.png
2026-06-22 13:28:49 +0000  copying file ./Payload/TruckMaster.app/GoogleMapsResources.bundle/GoogleMaps.bundle/GMSCoreResources.bundle/road_32-8.png ... 
2026-06-22 13:28:49 +0000  223 bytes for ./Payload/TruckMaster.app/GoogleMapsResources.bundle/GoogleMaps.bundle/GMSCoreResources.bundle/road_32-8.png
2026-06-22 13:28:49 +0000  copying file ./Payload/TruckMaster.app/GoogleMapsResources.bundle/GoogleMaps.bundle/GMSCoreResources.bundle/lt.lproj/GMSCore.strings ... 
2026-06-22 13:28:49 +0000  5211 bytes for ./Payload/TruckMaster.app/GoogleMapsResources.bundle/GoogleMaps.bundle/GMSCoreResources.bundle/lt.lproj/GMSCore.strings
2026-06-22 13:28:49 +0000  copying file ./Payload/TruckMaster.app/GoogleMapsResources.bundle/GoogleMaps.bundle/GMSCoreResources.bundle/ru.lproj/GMSCore.strings ... 
2026-06-22 13:28:49 +0000  5979 bytes for ./Payload/TruckMaster.app/GoogleMapsResources.bundle/GoogleMaps.bundle/GMSCoreResources.bundle/ru.lproj/GMSCore.strings
2026-06-22 13:28:49 +0000  copying file ./Payload/TruckMaster.app/GoogleMapsResources.bundle/GoogleMaps.bundle/GMSCoreResources.bundle/GMSShaders.metallib ... 
2026-06-22 13:28:49 +0000  237992 bytes for ./Payload/TruckMaster.app/GoogleMapsResources.bundle/GoogleMaps.bundle/GMSCoreResources.bundle/GMSShaders.metallib
2026-06-22 13:28:49 +0000  copying file ./Payload/TruckMaster.app/GoogleMapsResources.bundle/GoogleMaps.bundle/GMSCoreResources.bundle/GMSMapColors2NavSprites-0-1x.png ... 
2026-06-22 13:28:49 +0000  1122 bytes for ./Payload/TruckMaster.app/GoogleMapsResources.bundle/GoogleMaps.bundle/GMSCoreResources.bundle/GMSMapColors2NavSprites-0-1x.png
2026-06-22 13:28:49 +0000  copying file ./Payload/TruckMaster.app/GoogleMapsResources.bundle/GoogleMaps.bundle/GMSCoreResources.bundle/polyline_colors_texture_dim.png ... 
2026-06-22 13:28:49 +0000  7485 bytes for ./Payload/TruckMaster.app/GoogleMapsResources.bundle/GoogleMaps.bundle/GMSCoreResources.bundle/polyline_colors_texture_dim.png
2026-06-22 13:28:49 +0000  copying file ./Payload/TruckMaster.app/GoogleMapsResources.bundle/GoogleMaps.bundle/GMSCoreResources.bundle/ic_covid_checkpoint_waypoint_alert_32pt@3x.png ... 
2026-06-22 13:28:49 +0000  1826 bytes for ./Payload/TruckMaster.app/GoogleMapsResources.bundle/GoogleMaps.bundle/GMSCoreResources.bundle/ic_covid_checkpoint_waypoint_alert_32pt@3x.png
2026-06-22 13:28:49 +0000  copying file ./Payload/TruckMaster.app/GoogleMapsResources.bundle/GoogleMaps.bundle/GMSCoreResources.bundle/ic_closed_place_waypoint_alert_night_32pt.png ... 
2026-06-22 13:28:49 +0000  435 bytes for ./Payload/TruckMaster.app/GoogleMapsResources.bundle/GoogleMaps.bundle/GMSCoreResources.bundle/ic_closed_place_waypoint_alert_night_32pt.png
2026-06-22 13:28:49 +0000  copying file ./Payload/TruckMaster.app/GoogleMapsResources.bundle/GoogleMaps.bundle/GMSCoreResources.bundle/fr_CA.lproj/GMSCore.strings ... 
2026-06-22 13:28:49 +0000  5502 bytes for ./Payload/TruckMaster.app/GoogleMapsResources.bundle/GoogleMaps.bundle/GMSCoreResources.bundle/fr_CA.lproj/GMSCore.strings
2026-06-22 13:28:49 +0000  copying file ./Payload/TruckMaster.app/GoogleMapsResources.bundle/GoogleMaps.bundle/GMSCoreResources.bundle/measle_K.png ... 
2026-06-22 13:28:49 +0000  843 bytes for ./Payload/TruckMaster.app/GoogleMapsResources.bundle/GoogleMaps.bundle/GMSCoreResources.bundle/measle_K.png
2026-06-22 13:28:49 +0000  copying file ./Payload/TruckMaster.app/GoogleMapsResources.bundle/GoogleMaps.bundle/GMSCoreResources.bundle/measle_M@2x.png ... 
2026-06-22 13:28:49 +0000  2225 bytes for ./Payload/TruckMaster.app/GoogleMapsResources.bundle/GoogleMaps.bundle/GMSCoreResources.bundle/measle_M@2x.png
2026-06-22 13:28:49 +0000  copying file ./Payload/TruckMaster.app/GoogleMapsResources.bundle/GoogleMaps.bundle/GMSCoreResources.bundle/ic_covid_checkpoint_waypoint_alert_night_32pt@3x.png ... 
2026-06-22 13:28:49 +0000  1841 bytes for ./Payload/TruckMaster.app/GoogleMapsResources.bundle/GoogleMaps.bundle/GMSCoreResources.bundle/ic_covid_checkpoint_waypoint_alert_night_32pt@3x.png
2026-06-22 13:28:49 +0000  copying file ./Payload/TruckMaster.app/GoogleMapsResources.bundle/GoogleMaps.bundle/GMSCoreResources.bundle/ic_compass_needle_32pt@2x.png ... 
2026-06-22 13:28:49 +0000  1360 bytes for ./Payload/TruckMaster.app/GoogleMapsResources.bundle/GoogleMaps.bundle/GMSCoreResources.bundle/ic_compass_needle_32pt@2x.png
2026-06-22 13:28:49 +0000  copying file ./Payload/TruckMaster.app/GoogleMapsResources.bundle/GoogleMaps.bundle/GMSCoreResources.bundle/road_128-32.png ... 
2026-06-22 13:28:49 +0000  1029 bytes for ./Payload/TruckMaster.app/GoogleMapsResources.bundle/GoogleMaps.bundle/GMSCoreResources.bundle/road_128-32.png
2026-06-22 13:28:49 +0000  copying file ./Payload/TruckMaster.app/GoogleMapsResources.bundle/GoogleMaps.bundle/GMSCoreResources.bundle/measle_W@3x.png ... 
2026-06-22 13:28:49 +0000  4392 bytes for ./Payload/TruckMaster.app/GoogleMapsResources.bundle/GoogleMaps.bundle/GMSCoreResources.bundle/measle_W@3x.png
2026-06-22 13:28:49 +0000  copying file ./Payload/TruckMaster.app/GoogleMapsResources.bundle/GoogleMaps.bundle/GMSCoreResources.bundle/uz.lproj/GMSCore.strings ... 
2026-06-22 13:28:49 +0000  4613 bytes for ./Payload/TruckMaster.app/GoogleMapsResources.bundle/GoogleMaps.bundle/GMSCoreResources.bundle/uz.lproj/GMSCore.strings
2026-06-22 13:28:49 +0000  copying file ./Payload/TruckMaster.app/GoogleMapsResources.bundle/GoogleMaps.bundle/GMSCoreResources.bundle/measle_blank@3x.png ... 
2026-06-22 13:28:49 +0000  3148 bytes for ./Payload/TruckMaster.app/GoogleMapsResources.bundle/GoogleMaps.bundle/GMSCoreResources.bundle/measle_blank@3x.png
2026-06-22 13:28:49 +0000  copying file ./Payload/TruckMaster.app/GoogleMapsResources.bundle/GoogleMaps.bundle/GMSCoreResources.bundle/ic_covid_medical_waypoint_alert_32pt.png ... 
2026-06-22 13:28:49 +0000  441 bytes for ./Payload/TruckMaster.app/GoogleMapsResources.bundle/GoogleMaps.bundle/GMSCoreResources.bundle/ic_covid_medical_waypoint_alert_32pt.png
2026-06-22 13:28:49 +0000  copying file ./Payload/TruckMaster.app/GoogleMapsResources.bundle/GoogleMaps.bundle/GMSCoreResources.bundle/measle_A@2x.png ... 
2026-06-22 13:28:49 +0000  2183 bytes for ./Payload/TruckMaster.app/GoogleMapsResources.bundle/GoogleMaps.bundle/GMSCoreResources.bundle/measle_A@2x.png
2026-06-22 13:28:49 +0000  copying file ./Payload/TruckMaster.app/GoogleMapsResources.bundle/GoogleMaps.bundle/GMSCoreResources.bundle/measle_O@3x.png ... 
2026-06-22 13:28:49 +0000  4268 bytes for ./Payload/TruckMaster.app/GoogleMapsResources.bundle/GoogleMaps.bundle/GMSCoreResources.bundle/measle_O@3x.png
2026-06-22 13:28:49 +0000  copying file ./Payload/TruckMaster.app/GoogleMapsResources.bundle/GoogleMaps.bundle/GMSCoreResources.bundle/fr.lproj/GMSCore.strings ... 
2026-06-22 13:28:49 +0000  5772 bytes for ./Payload/TruckMaster.app/GoogleMapsResources.bundle/GoogleMaps.bundle/GMSCoreResources.bundle/fr.lproj/GMSCore.strings
2026-06-22 13:28:49 +0000  copying file ./Payload/TruckMaster.app/GoogleMapsResources.bundle/GoogleMaps.bundle/GMSCoreResources.bundle/fi.lproj/GMSCore.strings ... 
2026-06-22 13:28:49 +0000  5213 bytes for ./Payload/TruckMaster.app/GoogleMapsResources.bundle/GoogleMaps.bundle/GMSCoreResources.bundle/fi.lproj/GMSCore.strings
2026-06-22 13:28:49 +0000  copying file ./Payload/TruckMaster.app/GoogleMapsResources.bundle/GoogleMaps.bundle/GMSCoreResources.bundle/measle_Y@2x.png ... 
2026-06-22 13:28:49 +0000  2160 bytes for ./Payload/TruckMaster.app/GoogleMapsResources.bundle/GoogleMaps.bundle/GMSCoreResources.bundle/measle_Y@2x.png
2026-06-22 13:28:49 +0000  copying file ./Payload/TruckMaster.app/GoogleMapsResources.bundle/GoogleMaps.bundle/GMSCoreResources.bundle/id.lproj/GMSCore.strings ... 
2026-06-22 13:28:49 +0000  4519 bytes for ./Payload/TruckMaster.app/GoogleMapsResources.bundle/GoogleMaps.bundle/GMSCoreResources.bundle/id.lproj/GMSCore.strings
2026-06-22 13:28:49 +0000  copying file ./Payload/TruckMaster.app/GoogleMapsResources.bundle/GoogleMaps.bundle/GMSCoreResources.bundle/nl.lproj/GMSCore.strings ... 
2026-06-22 13:28:49 +0000  4813 bytes for ./Payload/TruckMaster.app/GoogleMapsResources.bundle/GoogleMaps.bundle/GMSCoreResources.bundle/nl.lproj/GMSCore.strings
2026-06-22 13:28:49 +0000  copying file ./Payload/TruckMaster.app/GoogleMapsResources.bundle/GoogleMaps.bundle/GMSCoreResources.bundle/th.lproj/GMSCore.strings ... 
2026-06-22 13:28:49 +0000  6166 bytes for ./Payload/TruckMaster.app/GoogleMapsResources.bundle/GoogleMaps.bundle/GMSCoreResources.bundle/th.lproj/GMSCore.strings
2026-06-22 13:28:49 +0000  copying file ./Payload/TruckMaster.app/GoogleMapsResources.bundle/GoogleMaps.bundle/GMSCoreResources.bundle/measle_U@2x.png ... 
2026-06-22 13:28:49 +0000  2136 bytes for ./Payload/TruckMaster.app/GoogleMapsResources.bundle/GoogleMaps.bundle/GMSCoreResources.bundle/measle_U@2x.png
2026-06-22 13:28:49 +0000  copying file ./Payload/TruckMaster.app/GoogleMapsResources.bundle/GoogleMaps.bundle/GMSCoreResources.bundle/ic_covid_medical_waypoint_alert_night_32pt@3x.png ... 
2026-06-22 13:28:49 +0000  1066 bytes for ./Payload/TruckMaster.app/GoogleMapsResources.bundle/GoogleMaps.bundle/GMSCoreResources.bundle/ic_covid_medical_waypoint_alert_night_32pt@3x.png
2026-06-22 13:28:49 +0000  copying file ./Payload/TruckMaster.app/GoogleMapsResources.bundle/GoogleMaps.bundle/GMSCoreResources.bundle/measle_C@3x.png ... 
2026-06-22 13:28:49 +0000  4247 bytes for ./Payload/TruckMaster.app/GoogleMapsResources.bundle/GoogleMaps.bundle/GMSCoreResources.bundle/measle_C@3x.png
2026-06-22 13:28:49 +0000  copying file ./Payload/TruckMaster.app/GoogleMapsResources.bundle/GoogleMaps.bundle/GMSCoreResources.bundle/az.lproj/GMSCore.strings ... 
2026-06-22 13:28:49 +0000  5645 bytes for ./Payload/TruckMaster.app/GoogleMapsResources.bundle/GoogleMaps.bundle/GMSCoreResources.bundle/az.lproj/GMSCore.strings
2026-06-22 13:28:49 +0000  copying file ./Payload/TruckMaster.app/GoogleMapsResources.bundle/GoogleMaps.bundle/GMSCoreResources.bundle/measle_J.png ... 
2026-06-22 13:28:49 +0000  804 bytes for ./Payload/TruckMaster.app/GoogleMapsResources.bundle/GoogleMaps.bundle/GMSCoreResources.bundle/measle_J.png
2026-06-22 13:28:49 +0000  copying file ./Payload/TruckMaster.app/GoogleMapsResources.bundle/GoogleMaps.bundle/GMSCoreResources.bundle/measle_H.png ... 
2026-06-22 13:28:49 +0000  800 bytes for ./Payload/TruckMaster.app/GoogleMapsResources.bundle/GoogleMaps.bundle/GMSCoreResources.bundle/measle_H.png
2026-06-22 13:28:49 +0000  copying file ./Payload/TruckMaster.app/GoogleMapsResources.bundle/GoogleMaps.bundle/GMSCoreResources.bundle/road_64-16.png ... 
2026-06-22 13:28:49 +0000  425 bytes for ./Payload/TruckMaster.app/GoogleMapsResources.bundle/GoogleMaps.bundle/GMSCoreResources.bundle/road_64-16.png
2026-06-22 13:28:49 +0000  copying file ./Payload/TruckMaster.app/GoogleMapsResources.bundle/GoogleMaps.bundle/GMSCoreResources.bundle/GMSSprites-0-3x.png ... 
2026-06-22 13:28:49 +0000  109039 bytes for ./Payload/TruckMaster.app/GoogleMapsResources.bundle/GoogleMaps.bundle/GMSCoreResources.bundle/GMSSprites-0-3x.png
2026-06-22 13:28:49 +0000  copying file ./Payload/TruckMaster.app/GoogleMapsResources.bundle/GoogleMaps.bundle/GMSCoreResources.bundle/polyline_colors_texture.png ... 
2026-06-22 13:28:49 +0000  7433 bytes for ./Payload/TruckMaster.app/GoogleMapsResources.bundle/GoogleMaps.bundle/GMSCoreResources.bundle/polyline_colors_texture.png
2026-06-22 13:28:49 +0000  copying file ./Payload/TruckMaster.app/GoogleMapsResources.bundle/GoogleMaps.bundle/GMSCoreResources.bundle/ic_compass_needle.png ... 
2026-06-22 13:28:49 +0000  483 bytes for ./Payload/TruckMaster.app/GoogleMapsResources.bundle/GoogleMaps.bundle/GMSCoreResources.bundle/ic_compass_needle.png
2026-06-22 13:28:49 +0000  copying file ./Payload/TruckMaster.app/GoogleMapsResources.bundle/GoogleMaps.bundle/GMSCoreResources.bundle/pt.lproj/GMSCore.strings ... 
2026-06-22 13:28:49 +0000  5444 bytes for ./Payload/TruckMaster.app/GoogleMapsResources.bundle/GoogleMaps.bundle/GMSCoreResources.bundle/pt.lproj/GMSCore.strings
2026-06-22 13:28:49 +0000  copying file ./Payload/TruckMaster.app/GoogleMapsResources.bundle/GoogleMaps.bundle/GMSCoreResources.bundle/GMSShadersSim.metallib ... 
2026-06-22 13:28:49 +0000  239160 bytes for ./Payload/TruckMaster.app/GoogleMapsResources.bundle/GoogleMaps.bundle/GMSCoreResources.bundle/GMSShadersSim.metallib
2026-06-22 13:28:49 +0000  copying file ./Payload/TruckMaster.app/GoogleMapsResources.bundle/GoogleMaps.bundle/GMSCoreResources.bundle/ic_covid_border_waypoint_alert_32pt@2x.png ... 
2026-06-22 13:28:49 +0000  1012 bytes for ./Payload/TruckMaster.app/GoogleMapsResources.bundle/GoogleMaps.bundle/GMSCoreResources.bundle/ic_covid_border_waypoint_alert_32pt@2x.png
2026-06-22 13:28:49 +0000  copying file ./Payload/TruckMaster.app/GoogleMapsResources.bundle/GoogleMaps.bundle/GMSCoreResources.bundle/ic_closed_place_waypoint_alert_night_32pt@2x.png ... 
2026-06-22 13:28:49 +0000  1069 bytes for ./Payload/TruckMaster.app/GoogleMapsResources.bundle/GoogleMaps.bundle/GMSCoreResources.bundle/ic_closed_place_waypoint_alert_night_32pt@2x.png
2026-06-22 13:28:49 +0000  copying file ./Payload/TruckMaster.app/GoogleMapsResources.bundle/GoogleMaps.bundle/GMSCoreResources.bundle/GMSMapColors2NavNightModeSprites-0-3x.png ... 
2026-06-22 13:28:49 +0000  12110 bytes for ./Payload/TruckMaster.app/GoogleMapsResources.bundle/GoogleMaps.bundle/GMSCoreResources.bundle/GMSMapColors2NavNightModeSprites-0-3x.png
2026-06-22 13:28:49 +0000  copying file ./Payload/TruckMaster.app/GoogleMapsResources.bundle/GoogleMaps.bundle/GMSCoreResources.bundle/measle_I.png ... 
2026-06-22 13:28:49 +0000  776 bytes for ./Payload/TruckMaster.app/GoogleMapsResources.bundle/GoogleMaps.bundle/GMSCoreResources.bundle/measle_I.png
2026-06-22 13:28:49 +0000  copying file ./Payload/TruckMaster.app/GoogleMapsResources.bundle/GoogleMaps.bundle/GMSCoreResources.bundle/measle_M.png ... 
2026-06-22 13:28:49 +0000  860 bytes for ./Payload/TruckMaster.app/GoogleMapsResources.bundle/GoogleMaps.bundle/GMSCoreResources.bundle/measle_M.png
2026-06-22 13:28:49 +0000  copying file ./Payload/TruckMaster.app/GoogleMapsResources.bundle/GoogleMaps.bundle/GMSCoreResources.bundle/road_1-1.png ... 
95 bytes for ./Payload/TruckMaster.app/GoogleMapsResources.bundle/GoogleMaps.bundle/GMSCoreResources.bundle/road_1-1.png
2026-06-22 13:28:49 +0000  copying file ./Payload/TruckMaster.app/GoogleMapsResources.bundle/GoogleMaps.bundle/GMSCoreResources.bundle/GMSMapColors2NavNightModeSprites-0-2x.png ... 
2026-06-22 13:28:49 +0000  7564 bytes for ./Payload/TruckMaster.app/GoogleMapsResources.bundle/GoogleMaps.bundle/GMSCoreResources.bundle/GMSMapColors2NavNightModeSprites-0-2x.png
2026-06-22 13:28:49 +0000  copying file ./Payload/TruckMaster.app/GoogleMapsResources.bundle/GoogleMaps.bundle/GMSCoreResources.bundle/ic_location_off.png ... 
2026-06-22 13:28:49 +0000  498 bytes for ./Payload/TruckMaster.app/GoogleMapsResources.bundle/GoogleMaps.bundle/GMSCoreResources.bundle/ic_location_off.png
2026-06-22 13:28:49 +0000  copying file ./Payload/TruckMaster.app/GoogleMapsResources.bundle/GoogleMaps.bundle/GMSCoreResources.bundle/ic_covid_border_waypoint_alert_32pt@3x.png ... 
2026-06-22 13:28:49 +0000  1353 bytes for ./Payload/TruckMaster.app/GoogleMapsResources.bundle/GoogleMaps.bundle/GMSCoreResources.bundle/ic_covid_border_waypoint_alert_32pt@3x.png
2026-06-22 13:28:49 +0000  copying file ./Payload/TruckMaster.app/GoogleMapsResources.bundle/GoogleMaps.bundle/GMSCoreResources.bundle/ic_closed_place_waypoint_alert_night_32pt@3x.png ... 
2026-06-22 13:28:49 +0000  1472 bytes for ./Payload/TruckMaster.app/GoogleMapsResources.bundle/GoogleMaps.bundle/GMSCoreResources.bundle/ic_closed_place_waypoint_alert_night_32pt@3x.png
2026-06-22 13:28:49 +0000  copying file ./Payload/TruckMaster.app/GoogleMapsResources.bundle/GoogleMaps.bundle/GMSCoreResources.bundle/ro.lproj/GMSCore.strings ... 
2026-06-22 13:28:49 +0000  4926 bytes for ./Payload/TruckMaster.app/GoogleMapsResources.bundle/GoogleMaps.bundle/GMSCoreResources.bundle/ro.lproj/GMSCore.strings
2026-06-22 13:28:49 +0000  copying file ./Payload/TruckMaster.app/GoogleMapsResources.bundle/GoogleMaps.bundle/GMSCoreResources.bundle/measle_blank.png ... 
2026-06-22 13:28:49 +0000  707 bytes for ./Payload/TruckMaster.app/GoogleMapsResources.bundle/GoogleMaps.bundle/GMSCoreResources.bundle/measle_blank.png
2026-06-22 13:28:49 +0000  copying file ./Payload/TruckMaster.app/GoogleMapsResources.bundle/GoogleMaps.bundle/GMSCoreResources.bundle/measle_L.png ... 
2026-06-22 13:28:49 +0000  787 bytes for ./Payload/TruckMaster.app/GoogleMapsResources.bundle/GoogleMaps.bundle/GMSCoreResources.bundle/measle_L.png
2026-06-22 13:28:49 +0000  copying file ./Payload/TruckMaster.app/GoogleMapsResources.bundle/GoogleMaps.bundle/GMSCoreResources.bundle/Info.plist ... 
2026-06-22 13:28:49 +0000  359 bytes for ./Payload/TruckMaster.app/GoogleMapsResources.bundle/GoogleMaps.bundle/GMSCoreResources.bundle/Info.plist
2026-06-22 13:28:49 +0000  copying file ./Payload/TruckMaster.app/GoogleMapsResources.bundle/GoogleMaps.bundle/GMSCoreResources.bundle/GMSSprites-0-2x.png ... 
2026-06-22 13:28:49 +0000  55717 bytes for ./Payload/TruckMaster.app/GoogleMapsResources.bundle/GoogleMaps.bundle/GMSCoreResources.bundle/GMSSprites-0-2x.png
2026-06-22 13:28:49 +0000  copying file ./Payload/TruckMaster.app/GoogleMapsResources.bundle/GoogleMaps.bundle/GMSCoreResources.bundle/measle_Y.png ... 
2026-06-22 13:28:49 +0000  834 bytes for ./Payload/TruckMaster.app/GoogleMapsResources.bundle/GoogleMaps.bundle/GMSCoreResources.bundle/measle_Y.png
2026-06-22 13:28:49 +0000  copying file ./Payload/TruckMaster.app/GoogleMapsResources.bundle/GoogleMaps.bundle/GMSCoreResources.bundle/measle_N.png ... 
2026-06-22 13:28:49 +0000  836 bytes for ./Payload/TruckMaster.app/GoogleMapsResources.bundle/GoogleMaps.bundle/GMSCoreResources.bundle/measle_N.png
2026-06-22 13:28:49 +0000  copying file ./Payload/TruckMaster.app/GoogleMapsResources.bundle/GoogleMaps.bundle/GMSCoreResources.bundle/measle_C@2x.png ... 
2026-06-22 13:28:49 +0000  2208 bytes for ./Payload/TruckMaster.app/GoogleMapsResources.bundle/GoogleMaps.bundle/GMSCoreResources.bundle/measle_C@2x.png
2026-06-22 13:28:49 +0000  copying file ./Payload/TruckMaster.app/GoogleMapsResources.bundle/GoogleMaps.bundle/GMSCoreResources.bundle/ic_covid_medical_waypoint_alert_night_32pt.png ... 
2026-06-22 13:28:49 +0000  382 bytes for ./Payload/TruckMaster.app/GoogleMapsResources.bundle/GoogleMaps.bundle/GMSCoreResources.bundle/ic_covid_medical_waypoint_alert_night_32pt.png
2026-06-22 13:28:49 +0000  copying file ./Payload/TruckMaster.app/GoogleMapsResources.bundle/GoogleMaps.bundle/GMSCoreResources.bundle/ic_covid_checkpoint_waypoint_alert_32pt.png ... 
2026-06-22 13:28:49 +0000  601 bytes for ./Payload/TruckMaster.app/GoogleMapsResources.bundle/GoogleMaps.bundle/GMSCoreResources.bundle/ic_covid_checkpoint_waypoint_alert_32pt.png
2026-06-22 13:28:49 +0000  copying file ./Payload/TruckMaster.app/GoogleMapsResources.bundle/GoogleMaps.bundle/GMSCoreResources.bundle/ic_covid_medical_waypoint_alert_night_32pt@2x.png ... 
2026-06-22 13:28:49 +0000  825 bytes for ./Payload/TruckMaster.app/GoogleMapsResources.bundle/GoogleMaps.bundle/GMSCoreResources.bundle/ic_covid_medical_waypoint_alert_night_32pt@2x.png
2026-06-22 13:28:49 +0000  copying file ./Payload/TruckMaster.app/GoogleMapsResources.bundle/GoogleMaps.bundle/GMSCoreResources.bundle/measle_U@3x.png ... 
2026-06-22 13:28:49 +0000  4120 bytes for ./Payload/TruckMaster.app/GoogleMapsResources.bundle/GoogleMaps.bundle/GMSCoreResources.bundle/measle_U@3x.png
2026-06-22 13:28:49 +0000  copying file ./Payload/TruckMaster.app/GoogleMapsResources.bundle/GoogleMaps.bundle/GMSCoreResources.bundle/measle_Y@3x.png ... 
2026-06-22 13:28:49 +0000  4118 bytes for ./Payload/TruckMaster.app/GoogleMapsResources.bundle/GoogleMaps.bundle/GMSCoreResources.bundle/measle_Y@3x.png
2026-06-22 13:28:49 +0000  copying file ./Payload/TruckMaster.app/GoogleMapsResources.bundle/GoogleMaps.bundle/GMSCoreResources.bundle/button_compass_night@2x.png ... 
2026-06-22 13:28:49 +0000  2221 bytes for ./Payload/TruckMaster.app/GoogleMapsResources.bundle/GoogleMaps.bundle/GMSCoreResources.bundle/button_compass_night@2x.png
2026-06-22 13:28:49 +0000  copying file ./Payload/TruckMaster.app/GoogleMapsResources.bundle/GoogleMaps.bundle/GMSCoreResources.bundle/button_compass@2x.png ... 
2026-06-22 13:28:49 +0000  2560 bytes for ./Payload/TruckMaster.app/GoogleMapsResources.bundle/GoogleMaps.bundle/GMSCoreResources.bundle/button_compass@2x.png
2026-06-22 13:28:49 +0000  copying file ./Payload/TruckMaster.app/GoogleMapsResources.bundle/GoogleMaps.bundle/GMSCoreResources.bundle/measle_O@2x.png ... 
2026-06-22 13:28:49 +0000  2222 bytes for ./Payload/TruckMaster.app/GoogleMapsResources.bundle/GoogleMaps.bundle/GMSCoreResources.bundle/measle_O@2x.png
2026-06-22 13:28:49 +0000  copying file ./Payload/TruckMaster.app/GoogleMapsResources.bundle/GoogleMaps.bundle/GMSCoreResources.bundle/measle_blank@2x.png ... 
2026-06-22 13:28:49 +0000  1575 bytes for ./Payload/TruckMaster.app/GoogleMapsResources.bundle/GoogleMaps.bundle/GMSCoreResources.bundle/measle_blank@2x.png
2026-06-22 13:28:49 +0000  copying file ./Payload/TruckMaster.app/GoogleMapsResources.bundle/GoogleMaps.bundle/GMSCoreResources.bundle/measle_A@3x.png ... 
2026-06-22 13:28:49 +0000  4214 bytes for ./Payload/TruckMaster.app/GoogleMapsResources.bundle/GoogleMaps.bundle/GMSCoreResources.bundle/measle_A@3x.png
2026-06-22 13:28:49 +0000  copying file ./Payload/TruckMaster.app/GoogleMapsResources.bundle/GoogleMaps.bundle/GMSCoreResources.bundle/hr.lproj/GMSCore.strings ... 
2026-06-22 13:28:49 +0000  4644 bytes for ./Payload/TruckMaster.app/GoogleMapsResources.bundle/GoogleMaps.bundle/GMSCoreResources.bundle/hr.lproj/GMSCore.strings
2026-06-22 13:28:49 +0000  copying file ./Payload/TruckMaster.app/GoogleMapsResources.bundle/GoogleMaps.bundle/GMSCoreResources.bundle/hi.lproj/GMSCore.strings ... 
2026-06-22 13:28:49 +0000  5900 bytes for ./Payload/TruckMaster.app/GoogleMapsResources.bundle/GoogleMaps.bundle/GMSCoreResources.bundle/hi.lproj/GMSCore.strings
2026-06-22 13:28:49 +0000  copying file ./Payload/TruckMaster.app/GoogleMapsResources.bundle/GoogleMaps.bundle/GMSCoreResources.bundle/measle_W@2x.png ... 
2026-06-22 13:28:49 +0000  2298 bytes for ./Payload/TruckMaster.app/GoogleMapsResources.bundle/GoogleMaps.bundle/GMSCoreResources.bundle/measle_W@2x.png
2026-06-22 13:28:49 +0000  copying file ./Payload/TruckMaster.app/GoogleMapsResources.bundle/GoogleMaps.bundle/GMSCoreResources.bundle/ca.lproj/GMSCore.strings ... 
2026-06-22 13:28:49 +0000  4927 bytes for ./Payload/TruckMaster.app/GoogleMapsResources.bundle/GoogleMaps.bundle/GMSCoreResources.bundle/ca.lproj/GMSCore.strings
2026-06-22 13:28:49 +0000  copying file ./Payload/TruckMaster.app/GoogleMapsResources.bundle/GoogleMaps.bundle/GMSCoreResources.bundle/ic_compass_needle_32pt@3x.png ... 
2026-06-22 13:28:49 +0000  1962 bytes for ./Payload/TruckMaster.app/GoogleMapsResources.bundle/GoogleMaps.bundle/GMSCoreResources.bundle/ic_compass_needle_32pt@3x.png
2026-06-22 13:28:49 +0000  copying file ./Payload/TruckMaster.app/GoogleMapsResources.bundle/GoogleMaps.bundle/GMSCoreResources.bundle/measle_M@3x.png ... 
2026-06-22 13:28:49 +0000  4281 bytes for ./Payload/TruckMaster.app/GoogleMapsResources.bundle/GoogleMaps.bundle/GMSCoreResources.bundle/measle_M@3x.png
2026-06-22 13:28:49 +0000  copying file ./Payload/TruckMaster.app/GoogleMapsResources.bundle/GoogleMaps.bundle/GMSCoreResources.bundle/ic_covid_checkpoint_waypoint_alert_night_32pt@2x.png ... 
2026-06-22 13:28:49 +0000  1380 bytes for ./Payload/TruckMaster.app/GoogleMapsResources.bundle/GoogleMaps.bundle/GMSCoreResources.bundle/ic_covid_checkpoint_waypoint_alert_night_32pt@2x.png
2026-06-22 13:28:49 +0000  copying file ./Payload/TruckMaster.app/GoogleMapsResources.bundle/GoogleMaps.bundle/GMSCoreResources.bundle/measle_O.png ... 
2026-06-22 13:28:49 +0000  857 bytes for ./Payload/TruckMaster.app/GoogleMapsResources.bundle/GoogleMaps.bundle/GMSCoreResources.bundle/measle_O.png
2026-06-22 13:28:49 +0000  copying file ./Payload/TruckMaster.app/GoogleMapsResources.bundle/GoogleMaps.bundle/GMSCoreResources.bundle/measle_X.png ... 
2026-06-22 13:28:49 +0000  849 bytes for ./Payload/TruckMaster.app/GoogleMapsResources.bundle/GoogleMaps.bundle/GMSCoreResources.bundle/measle_X.png
2026-06-22 13:28:49 +0000  copying file ./Payload/TruckMaster.app/GoogleMapsResources.bundle/GoogleMaps.bundle/ic_error@3x.png ... 
2026-06-22 13:28:49 +0000  743 bytes for ./Payload/TruckMaster.app/GoogleMapsResources.bundle/GoogleMaps.bundle/ic_error@3x.png
2026-06-22 13:28:49 +0000  copying file ./Payload/TruckMaster.app/GoogleMapsResources.bundle/GoogleMaps.bundle/oss_licenses_maps.txt.gz ... 
2026-06-22 13:28:49 +0000  168798 bytes for ./Payload/TruckMaster.app/GoogleMapsResources.bundle/GoogleMaps.bundle/oss_licenses_maps.txt.gz
2026-06-22 13:28:49 +0000  copying file ./Payload/TruckMaster.app/GoogleMapsResources.bundle/GoogleMaps.bundle/Assets.car ... 
2026-06-22 13:28:49 +0000  44191 bytes for ./Payload/TruckMaster.app/GoogleMapsResources.bundle/GoogleMaps.bundle/Assets.car
2026-06-22 13:28:49 +0000  copying file ./Payload/TruckMaster.app/GoogleMapsResources.bundle/GoogleMaps.bundle/bubble_right.png ... 
2026-06-22 13:28:49 +0000  455 bytes for ./Payload/TruckMaster.app/GoogleMapsResources.bundle/GoogleMaps.bundle/bubble_right.png
2026-06-22 13:28:49 +0000  copying file ./Payload/TruckMaster.app/GoogleMapsResources.bundle/GoogleMaps.bundle/PrivacyInfo.xcprivacy ... 
2026-06-22 13:28:49 +0000  3171 bytes for ./Payload/TruckMaster.app/GoogleMapsResources.bundle/GoogleMaps.bundle/PrivacyInfo.xcprivacy
2026-06-22 13:28:49 +0000  copying file ./Payload/TruckMaster.app/GoogleMapsResources.bundle/GoogleMaps.bundle/ic_error@2x.png ... 
2026-06-22 13:28:49 +0000  454 bytes for ./Payload/TruckMaster.app/GoogleMapsResources.bundle/GoogleMaps.bundle/ic_error@2x.png
2026-06-22 13:28:49 +0000  copying file ./Payload/TruckMaster.app/GoogleMapsResources.bundle/GoogleMaps.bundle/GMSCacheStorage.momd/Storage.mom ... 
2026-06-22 13:28:49 +0000  4696 bytes for ./Payload/TruckMaster.app/GoogleMapsResources.bundle/GoogleMaps.bundle/GMSCacheStorage.momd/Storage.mom
2026-06-22 13:28:49 +0000  copying file ./Payload/TruckMaster.app/GoogleMapsResources.bundle/GoogleMaps.bundle/GMSCacheStorage.momd/VersionInfo.plist ... 
2026-06-22 13:28:49 +0000  1461 bytes for ./Payload/TruckMaster.app/GoogleMapsResources.bundle/GoogleMaps.bundle/GMSCacheStorage.momd/VersionInfo.plist
2026-06-22 13:28:49 +0000  copying file ./Payload/TruckMaster.app/GoogleMapsResources.bundle/GoogleMaps.bundle/GMSCacheStorage.momd/StorageWithTileProto.mom ... 
2026-06-22 13:28:49 +0000  5292 bytes for ./Payload/TruckMaster.app/GoogleMapsResources.bundle/GoogleMaps.bundle/GMSCacheStorage.momd/StorageWithTileProto.mom
2026-06-22 13:28:49 +0000  copying file ./Payload/TruckMaster.app/GoogleMapsResources.bundle/GoogleMaps.bundle/GMSCacheStorage.momd/StorageWithTileVersionID.mom ... 
2026-06-22 13:28:49 +0000  4802 bytes for ./Payload/TruckMaster.app/GoogleMapsResources.bundle/GoogleMaps.bundle/GMSCacheStorage.momd/StorageWithTileVersionID.mom
2026-06-22 13:28:49 +0000  copying file ./Payload/TruckMaster.app/GoogleMapsResources.bundle/GoogleMaps.bundle/Info.plist ... 
2026-06-22 13:28:49 +0000  363 bytes for ./Payload/TruckMaster.app/GoogleMapsResources.bundle/GoogleMaps.bundle/Info.plist
2026-06-22 13:28:49 +0000  copying file ./Payload/TruckMaster.app/GoogleMapsResources.bundle/Info.plist ... 
2026-06-22 13:28:49 +0000  786 bytes for ./Payload/TruckMaster.app/GoogleMapsResources.bundle/Info.plist
2026-06-22 13:28:49 +0000  copying file ./Payload/TruckMaster.app/TruckMaster ... 
2026-06-22 13:28:49 +0000  11961488 bytes for ./Payload/TruckMaster.app/TruckMaster
2026-06-22 13:28:49 +0000  copying file ./Payload/TruckMaster.app/Info.plist ... 
2026-06-22 13:28:49 +0000  1975 bytes for ./Payload/TruckMaster.app/Info.plist
2026-06-22 13:28:49 +0000  copying file ./Payload/TruckMaster.app/PkgInfo ... 
2026-06-22 13:28:49 +0000  8 bytes for ./Payload/TruckMaster.app/PkgInfo
2026-06-22 13:28:49 +0000  /usr/bin/ditto exited with 0
2026-06-22 13:28:49 +0000  Processing step: IDEDistributionAppStoreInformationStep
2026-06-22 13:28:49 +0000  Skipping step: IDEDistributionAppStoreInformationStep because it said so
2026-06-22 13:28:49 +0000  Processing step: IDEDistributionGenerateProcessedDistributionItems
2026-06-22 13:28:49 +0000  IDEDistributionItem init <DVTFilePath:0x72d65b1e0:'/var/folders/nv/q9d1czw1113c1zp17nkhk_mr0000gn/T/XcodeDistPipeline.~~~16oDKX/Root/Payload/TruckMaster.app'>
2026-06-22 13:28:49 +0000  Processing step: IDEDistributionCreateManifestStep
